{
    "robots": [
        {
            "base_pos": [
                -0.5,
                -0.4,
                0.0
            ],
            "base_quat": [
                1.0,
                0.0,
                0.0,
                0.0
            ],
            "type": "ur5_vacuum",
            "start_pose": [
                0.14219835767165942,
                0.13157273460984437,
                -1.248071518892667,
                0.09579450597989299,
                1.6785597514059978,
                1.7342445921902925
            ]
        },
        {
            "base_pos": [
                0.6,
                -0.4,
                0.0
            ],
            "base_quat": [
                0.0,
                0.0,
                0.0,
                1.0
            ],
            "type": "ur5_vacuum",
            "start_pose": [
                0.0,
                0.5000000000000004,
                -1.2,
                0.0,
                1.57,
                1.57
            ]
        },
        {
            "base_pos": [
                -0.5,
                0.4,
                0.0
            ],
            "base_quat": [
                1.0,
                0.0,
                0.0,
                0.0
            ],
            "type": "ur5_vacuum",
            "start_pose": [
                0.08306812530754847,
                -0.13942206640111932,
                -1.4824274510250035,
                -0.07385576701347732,
                1.6684813065560398,
                -4.320685232973904
            ]
        },
        {
            "base_pos": [
                0.6,
                0.4,
                0.0
            ],
            "base_quat": [
                0.0,
                0.0,
                0.0,
                1.0
            ],
            "type": "ur5_vacuum",
            "start_pose": [
                0.040495731658875024,
                -0.10047520895048966,
                -1.3771936369719955,
                -0.07556657093357466,
                1.4664256092772503,
                1.7394617174538796
            ]
        }
    ]
}