{
    "objects": [
        {
            "shape": [
                0.18,
                0.2,
                0.17
            ],
            "start_pos": [
                -0.011606727760547428,
                -0.10351550567850781,
                0.07328130431298999
            ],
            "start_quat": [
                -0.04668179444634572,
                0.9483570859469772,
                0.311648249626472,
                -0.03626315080330227
            ],
            "goal_pos": [
                0.9916579438667823,
                0.8801561924639504,
                0.135
            ],
            "goal_quat": [
                0.8785769163423662,
                -0.0,
                -0.0,
                -0.47760088156361147
            ],
            "parent": "a3_pen_tip"
        },
        {
            "shape": [
                0.08,
                0.08,
                0.09
            ],
            "start_pos": [
                -0.8306448569929866,
                -0.24127571357203478,
                0.0901650549057029
            ],
            "start_quat": [
                0.448432695027913,
                0.4509372762465646,
                -0.7186067692586958,
                0.28136809004738167
            ],
            "goal_pos": [
                -0.9710816241725038,
                -0.07812087674722001,
                0.095
            ],
            "goal_quat": [
                0.5246964224182197,
                0.0,
                0.0,
                0.8512894127742464
            ]
        }
    ]
}