{
    "robots": [
        {
            "base_pos": [
                -0.5,
                -0.4,
                0.0
            ],
            "base_quat": [
                1.0,
                0.0,
                0.0,
                0.0
            ],
            "type": "ur5_vacuum",
            "start_pose": [
                0.6344322849964623,
                -0.6168455427293686,
                -1.3920634950666049,
                0.26074498685689207,
                1.9140623124286602,
                1.9880973938032298
            ]
        },
        {
            "base_pos": [
                0.6,
                -0.4,
                0.0
            ],
            "base_quat": [
                0.0,
                0.0,
                0.0,
                1.0
            ],
            "type": "ur5_vacuum",
            "start_pose": [
                0.0,
                0.5000000000000004,
                -1.2,
                0.0,
                1.57,
                1.57
            ]
        },
        {
            "base_pos": [
                -0.5,
                0.4,
                0.0
            ],
            "base_quat": [
                1.0,
                0.0,
                0.0,
                0.0
            ],
            "type": "ur5_vacuum",
            "start_pose": [
                0.03686494338453298,
                -0.1665363746822069,
                -1.4108618856213757,
                -0.1311130318822818,
                1.668982133351553,
                -4.449999308474472
            ]
        },
        {
            "base_pos": [
                0.6,
                0.4,
                0.0
            ],
            "base_quat": [
                0.0,
                0.0,
                0.0,
                1.0
            ],
            "type": "ur5_vacuum",
            "start_pose": [
                -0.0033831153071064526,
                -0.15732671661999487,
                -1.4032191193658454,
                -0.0725612505865808,
                1.461108018134447,
                1.780533411963318
            ]
        }
    ]
}