{
    "objects": [
        {
            "shape": [
                0.18,
                0.2,
                0.17
            ],
            "start_pos": [
                0.037965148179787515,
                0.43264141974765,
                0.11944625765500226
            ],
            "start_quat": [
                -0.3800805602167744,
                -0.00018672540866300206,
                0.00014742367205295635,
                -0.9249533561997516
            ],
            "goal_pos": [
                0.9916579438667823,
                0.8801561924639504,
                0.135
            ],
            "goal_quat": [
                0.8785769163423662,
                -0.0,
                -0.0,
                -0.47760088156361147
            ]
        },
        {
            "shape": [
                0.08,
                0.08,
                0.09
            ],
            "start_pos": [
                0.025103224912546646,
                -0.036010624458409246,
                0.058315827671963166
            ],
            "start_quat": [
                0.06311049872737667,
                0.8466135014029382,
                0.49774975614835915,
                -0.17750443500624985
            ],
            "goal_pos": [
                -0.9710816241725038,
                -0.07812087674722001,
                0.095
            ],
            "goal_quat": [
                0.5246964224182197,
                0.0,
                0.0,
                0.8512894127742464
            ],
            "parent": "a0_pen_tip"
        }
    ]
}