{
    "robots": [
        {
            "base_pos": [
                -0.5,
                -0.4,
                0.0
            ],
            "base_quat": [
                1.0,
                0.0,
                0.0,
                0.0
            ],
            "type": "ur5_vacuum",
            "start_pose": [
                0.43746953747472567,
                -0.6334569116803225,
                -1.3478908525770443,
                0.2947094145262226,
                1.9039812934700229,
                2.075294139724464
            ]
        },
        {
            "base_pos": [
                0.6,
                -0.4,
                0.0
            ],
            "base_quat": [
                0.0,
                0.0,
                0.0,
                1.0
            ],
            "type": "ur5_vacuum",
            "start_pose": [
                0.0,
                0.5000000000000004,
                -1.2,
                0.0,
                1.57,
                1.57
            ]
        },
        {
            "base_pos": [
                -0.5,
                0.4,
                0.0
            ],
            "base_quat": [
                1.0,
                0.0,
                0.0,
                0.0
            ],
            "type": "ur5_vacuum",
            "start_pose": [
                0.03836702355777911,
                -0.16656118841356918,
                -1.4133526630622408,
                -0.12953501877431883,
                1.6690914250455857,
                -4.445672576122201
            ]
        },
        {
            "base_pos": [
                0.6,
                0.4,
                0.0
            ],
            "base_quat": [
                0.0,
                0.0,
                0.0,
                1.0
            ],
            "type": "ur5_vacuum",
            "start_pose": [
                0.04414211125789508,
                -0.15454836768345856,
                -1.3931498964082198,
                -0.08237153228876841,
                1.4570982784597626,
                1.754721467190326
            ]
        }
    ]
}