{
    "robots": [
        {
            "base_pos": [
                -0.5,
                -0.4,
                0.0
            ],
            "base_quat": [
                1.0,
                0.0,
                0.0,
                0.0
            ],
            "type": "ur5_vacuum",
            "start_pose": [
                2.597303131405297,
                -0.48813965524538755,
                -1.573665511045894,
                0.15567023154638124,
                1.6802983449560125,
                1.0317537665046628
            ]
        },
        {
            "base_pos": [
                0.6,
                -0.4,
                0.0
            ],
            "base_quat": [
                0.0,
                0.0,
                0.0,
                1.0
            ],
            "type": "ur5_vacuum",
            "start_pose": [
                0.0,
                0.5000000000000004,
                -1.2,
                0.0,
                1.57,
                1.57
            ]
        },
        {
            "base_pos": [
                -0.5,
                0.4,
                0.0
            ],
            "base_quat": [
                1.0,
                0.0,
                0.0,
                0.0
            ],
            "type": "ur5_vacuum",
            "start_pose": [
                0.022798043610141594,
                0.009385935642794475,
                -1.3541664720546325,
                -0.09298740119430789,
                1.643401567691575,
                -4.517853908098719
            ]
        },
        {
            "base_pos": [
                0.6,
                0.4,
                0.0
            ],
            "base_quat": [
                0.0,
                0.0,
                0.0,
                1.0
            ],
            "type": "ur5_vacuum",
            "start_pose": [
                -2.0983891301139104,
                -0.19586257441921595,
                -1.8212240442973684,
                0.36925420353147104,
                1.6518127936171503,
                2.8917180461998404
            ]
        }
    ]
}