{
    "objects": [
        {
            "shape": [
                0.18,
                0.2,
                0.17
            ],
            "start_pos": [
                0.004733487333875545,
                -0.09622295733812124,
                0.08065819196654922
            ],
            "start_quat": [
                -0.04115784437275478,
                0.9418820158149802,
                0.33142786046236195,
                -0.036330062486027395
            ],
            "goal_pos": [
                0.9916579438667823,
                0.8801561924639504,
                0.135
            ],
            "goal_quat": [
                0.8785769163423662,
                -0.0,
                -0.0,
                -0.47760088156361147
            ],
            "parent": "a3_pen_tip"
        },
        {
            "shape": [
                0.08,
                0.08,
                0.09
            ],
            "start_pos": [
                -0.9406010623804985,
                -0.07789608682613054,
                0.07978226599417114
            ],
            "start_quat": [
                0.5578058244834995,
                -6.365729178271152e-06,
                3.8845499046840126e-06,
                0.8299714827129128
            ],
            "goal_pos": [
                -0.9710816241725038,
                -0.07812087674722001,
                0.095
            ],
            "goal_quat": [
                0.5246964224182197,
                0.0,
                0.0,
                0.8512894127742464
            ]
        }
    ]
}