{
    "robots": [
        {
            "base_pos": [
                -0.5,
                -0.4,
                0.0
            ],
            "base_quat": [
                1.0,
                0.0,
                0.0,
                0.0
            ],
            "type": "ur5_vacuum",
            "start_pose": [
                0.194818566959865,
                -0.004763018579581767,
                -1.265860290497848,
                0.13124307303313332,
                1.718732067006296,
                1.7950229610788562
            ]
        },
        {
            "base_pos": [
                0.6,
                -0.4,
                0.0
            ],
            "base_quat": [
                0.0,
                0.0,
                0.0,
                1.0
            ],
            "type": "ur5_vacuum",
            "start_pose": [
                0.0,
                0.5000000000000004,
                -1.2,
                0.0,
                1.57,
                1.57
            ]
        },
        {
            "base_pos": [
                -0.5,
                0.4,
                0.0
            ],
            "base_quat": [
                1.0,
                0.0,
                0.0,
                0.0
            ],
            "type": "ur5_vacuum",
            "start_pose": [
                0.07303430332234802,
                -0.1455138395401918,
                -1.4669225890198154,
                -0.08635380483882471,
                1.6686182542639534,
                -4.348740482173937
            ]
        },
        {
            "base_pos": [
                0.6,
                0.4,
                0.0
            ],
            "base_quat": [
                0.0,
                0.0,
                0.0,
                1.0
            ],
            "type": "ur5_vacuum",
            "start_pose": [
                0.04131422034786061,
                -0.11261272337585004,
                -1.380775256177127,
                -0.07709404175204809,
                1.4643319601569893,
                1.7428869993422724
            ]
        }
    ]
}