{
    "robots": [
        {
            "base_pos": [
                -0.5,
                -0.4,
                0.0
            ],
            "base_quat": [
                1.0,
                0.0,
                0.0,
                0.0
            ],
            "type": "ur5_vacuum",
            "start_pose": [
                2.5979098010990818,
                -0.4703373902128809,
                -1.6242222053204327,
                0.12379651632863015,
                1.7548355863723362,
                1.0708212614499768
            ]
        },
        {
            "base_pos": [
                0.6,
                -0.4,
                0.0
            ],
            "base_quat": [
                0.0,
                0.0,
                0.0,
                1.0
            ],
            "type": "ur5_vacuum",
            "start_pose": [
                0.0,
                0.5000000000000004,
                -1.2,
                0.0,
                1.57,
                1.57
            ]
        },
        {
            "base_pos": [
                -0.5,
                0.4,
                0.0
            ],
            "base_quat": [
                1.0,
                0.0,
                0.0,
                0.0
            ],
            "type": "ur5_vacuum",
            "start_pose": [
                0.02365074020894825,
                -0.0025017291101464556,
                -1.3579740724617801,
                -0.09548425268389621,
                1.6451424133678665,
                -4.513232431562362
            ]
        },
        {
            "base_pos": [
                0.6,
                0.4,
                0.0
            ],
            "base_quat": [
                0.0,
                0.0,
                0.0,
                1.0
            ],
            "type": "ur5_vacuum",
            "start_pose": [
                -2.1236513121600553,
                -0.20424049605234404,
                -1.8287030218152938,
                0.3736995403940866,
                1.6527976473181105,
                2.907630178564035
            ]
        }
    ]
}