{
    "robots": [
        {
            "base_pos": [
                -0.5,
                -0.4,
                0.0
            ],
            "base_quat": [
                1.0,
                0.0,
                0.0,
                0.0
            ],
            "type": "ur5_vacuum",
            "start_pose": [
                2.499319177778548,
                -0.40011935868010196,
                -1.694114608971247,
                0.0374888652679026,
                1.8491004544231224,
                1.0970615789526224
            ]
        },
        {
            "base_pos": [
                0.6,
                -0.4,
                0.0
            ],
            "base_quat": [
                0.0,
                0.0,
                0.0,
                1.0
            ],
            "type": "ur5_vacuum",
            "start_pose": [
                0.0,
                0.5000000000000004,
                -1.2,
                0.0,
                1.57,
                1.57
            ]
        },
        {
            "base_pos": [
                -0.5,
                0.4,
                0.0
            ],
            "base_quat": [
                1.0,
                0.0,
                0.0,
                0.0
            ],
            "type": "ur5_vacuum",
            "start_pose": [
                0.024504384534398464,
                -0.014196329099314446,
                -1.3617233880093726,
                -0.09795256347917829,
                1.646853129446816,
                -4.508691502102689
            ]
        },
        {
            "base_pos": [
                0.6,
                0.4,
                0.0
            ],
            "base_quat": [
                0.0,
                0.0,
                0.0,
                1.0
            ],
            "type": "ur5_vacuum",
            "start_pose": [
                -2.1150867767511397,
                -0.2040509949899636,
                -1.8269843359866904,
                0.37189692675312236,
                1.652023337050247,
                2.9030774227240603
            ]
        }
    ]
}