{
    "objects": [
        {
            "shape": [
                0.18,
                0.2,
                0.17
            ],
            "start_pos": [
                -0.011409678093876774,
                -0.10378263071421083,
                0.07319073101915943
            ],
            "start_quat": [
                -0.04668179444634574,
                0.9483570859469771,
                0.3116482496264722,
                -0.03626315080330226
            ],
            "goal_pos": [
                0.9916579438667823,
                0.8801561924639504,
                0.135
            ],
            "goal_quat": [
                0.8785769163423662,
                -0.0,
                -0.0,
                -0.47760088156361147
            ],
            "parent": "a3_pen_tip"
        },
        {
            "shape": [
                0.08,
                0.08,
                0.09
            ],
            "start_pos": [
                -0.4519346018407746,
                0.14617086153338524,
                0.07956648104638192
            ],
            "start_quat": [
                0.9996719806340949,
                -2.6568383939940794e-05,
                0.0010376961725377895,
                0.025590107773899518
            ],
            "goal_pos": [
                -0.9710816241725038,
                -0.07812087674722001,
                0.095
            ],
            "goal_quat": [
                0.5246964224182197,
                0.0,
                0.0,
                0.8512894127742464
            ]
        }
    ]
}