{
    "objects": [
        {
            "shape": [
                0.18,
                0.2,
                0.17
            ],
            "start_pos": [
                0.22881154593087777,
                -0.47831592319812355,
                -0.1125305339627415
            ],
            "start_quat": [
                -0.19199536078246662,
                -0.6710760594077391,
                0.713723386765157,
                0.05825488058751099
            ],
            "goal_pos": [
                0.9916579438667823,
                0.8801561924639504,
                0.135
            ],
            "goal_quat": [
                0.8785769163423662,
                -0.0,
                -0.0,
                -0.47760088156361147
            ],
            "parent": "a0_pen_tip"
        },
        {
            "shape": [
                0.08,
                0.08,
                0.09
            ],
            "start_pos": [
                -0.41100276538107255,
                0.21301257515021724,
                0.07975910618351582
            ],
            "start_quat": [
                0.0005521162061429759,
                -0.06266405671146108,
                -0.9980344817800387,
                -0.00029041729922042053
            ],
            "goal_pos": [
                -0.9710816241725038,
                -0.07812087674722001,
                0.095
            ],
            "goal_quat": [
                0.5246964224182197,
                0.0,
                0.0,
                0.8512894127742464
            ]
        }
    ]
}