{
    "robots": [
        {
            "base_pos": [
                -0.5,
                -0.4,
                0.0
            ],
            "base_quat": [
                1.0,
                0.0,
                0.0,
                0.0
            ],
            "type": "ur5_vacuum",
            "start_pose": [
                0.8244318522540404,
                -0.5596728807662039,
                -1.4598799917378873,
                0.19500686737301898,
                1.9467001131548045,
                1.8882403772304919
            ]
        },
        {
            "base_pos": [
                0.6,
                -0.4,
                0.0
            ],
            "base_quat": [
                0.0,
                0.0,
                0.0,
                1.0
            ],
            "type": "ur5_vacuum",
            "start_pose": [
                0.0,
                0.5000000000000004,
                -1.2,
                0.0,
                1.57,
                1.57
            ]
        },
        {
            "base_pos": [
                -0.5,
                0.4,
                0.0
            ],
            "base_quat": [
                1.0,
                0.0,
                0.0,
                0.0
            ],
            "type": "ur5_vacuum",
            "start_pose": [
                0.03644108570887481,
                -0.16172067679766522,
                -1.4093005892187485,
                -0.13003789460644138,
                1.6682867590616193,
                -4.451842365703999
            ]
        },
        {
            "base_pos": [
                0.6,
                0.4,
                0.0
            ],
            "base_quat": [
                0.0,
                0.0,
                0.0,
                1.0
            ],
            "type": "ur5_vacuum",
            "start_pose": [
                -0.14960571763648361,
                -0.16056209597419807,
                -1.4325622623899052,
                -0.041785270761608574,
                1.4743276778229608,
                1.8582627242160756
            ]
        }
    ]
}