{
    "objects": [
        {
            "shape": [
                0.18,
                0.2,
                0.17
            ],
            "start_pos": [
                1.0026271372352331,
                0.8708151532068755,
                0.11977757172301107
            ],
            "start_quat": [
                -0.8703376734046008,
                6.754804543037479e-07,
                -1.2093576460284818e-06,
                0.4924554134647595
            ],
            "goal_pos": [
                0.9916579438667823,
                0.8801561924639504,
                0.135
            ],
            "goal_quat": [
                0.8785769163423662,
                -0.0,
                -0.0,
                -0.47760088156361147
            ]
        },
        {
            "shape": [
                0.08,
                0.08,
                0.09
            ],
            "start_pos": [
                0.025278094421358036,
                -0.03464567311249394,
                0.04561464416753838
            ],
            "start_quat": [
                0.05705632593733927,
                0.8468870256327172,
                0.4960896405854769,
                -0.1828168755593254
            ],
            "goal_pos": [
                -0.9710816241725038,
                -0.07812087674722001,
                0.095
            ],
            "goal_quat": [
                0.5246964224182197,
                0.0,
                0.0,
                0.8512894127742464
            ],
            "parent": "a0_pen_tip"
        }
    ]
}