{
    "objects": [
        {
            "shape": [
                0.18,
                0.2,
                0.17
            ],
            "start_pos": [
                0.7752714000115234,
                1.1679979306064152,
                0.11962150291419962
            ],
            "start_quat": [
                -0.9877434220065533,
                -6.525550986061278e-05,
                -0.0003380337144044582,
                0.15608591787125103
            ],
            "goal_pos": [
                0.9916579438667823,
                0.8801561924639504,
                0.135
            ],
            "goal_quat": [
                0.8785769163423662,
                -0.0,
                -0.0,
                -0.47760088156361147
            ]
        },
        {
            "shape": [
                0.08,
                0.08,
                0.09
            ],
            "start_pos": [
                0.025147397789823157,
                -0.0345534086967703,
                0.04569160033444983
            ],
            "start_quat": [
                0.05705632593733934,
                0.8468870256327171,
                0.49608964058547694,
                -0.18281687555932533
            ],
            "goal_pos": [
                -0.9710816241725038,
                -0.07812087674722001,
                0.095
            ],
            "goal_quat": [
                0.5246964224182197,
                0.0,
                0.0,
                0.8512894127742464
            ],
            "parent": "a0_pen_tip"
        }
    ]
}