{
    "robots": [
        {
            "base_pos": [
                -0.5,
                -0.4,
                0.0
            ],
            "base_quat": [
                1.0,
                0.0,
                0.0,
                0.0
            ],
            "type": "ur5_vacuum",
            "start_pose": [
                1.6304671562657695,
                -0.27630370717872665,
                -1.789852041839346,
                -0.12937518967422967,
                2.12958717879852,
                1.454654910280766
            ]
        },
        {
            "base_pos": [
                0.6,
                -0.4,
                0.0
            ],
            "base_quat": [
                0.0,
                0.0,
                0.0,
                1.0
            ],
            "type": "ur5_vacuum",
            "start_pose": [
                0.0,
                0.5000000000000004,
                -1.2,
                0.0,
                1.57,
                1.57
            ]
        },
        {
            "base_pos": [
                -0.5,
                0.4,
                0.0
            ],
            "base_quat": [
                1.0,
                0.0,
                0.0,
                0.0
            ],
            "type": "ur5_vacuum",
            "start_pose": [
                0.03181070626880447,
                -0.10746026312724155,
                -1.3917437505620602,
                -0.11804190637262461,
                1.660433448986695,
                -4.4726627911235575
            ]
        },
        {
            "base_pos": [
                0.6,
                0.4,
                0.0
            ],
            "base_quat": [
                0.0,
                0.0,
                0.0,
                1.0
            ],
            "type": "ur5_vacuum",
            "start_pose": [
                -1.2092990412941067,
                -0.1840092593022909,
                -1.6452157141370782,
                0.1812522249712453,
                1.5701324379972552,
                2.4215767476146826
            ]
        }
    ]
}