{
    "objects": [
        {
            "shape": [
                0.18,
                0.2,
                0.17
            ],
            "start_pos": [
                -0.011446549191567245,
                -0.10374994078044636,
                0.07320415645537634
            ],
            "start_quat": [
                -0.04668179444634604,
                0.9483570859469772,
                0.3116482496264719,
                -0.036263150803302086
            ],
            "goal_pos": [
                0.9916579438667823,
                0.8801561924639504,
                0.135
            ],
            "goal_quat": [
                0.8785769163423662,
                -0.0,
                -0.0,
                -0.47760088156361147
            ],
            "parent": "a3_pen_tip"
        },
        {
            "shape": [
                0.08,
                0.08,
                0.09
            ],
            "start_pos": [
                -0.7256670306103972,
                0.08331513458425356,
                0.09346395531262715
            ],
            "start_quat": [
                -0.2536384931623756,
                0.11159280890117129,
                -0.9603883855829085,
                -0.029473863427108296
            ],
            "goal_pos": [
                -0.9710816241725038,
                -0.07812087674722001,
                0.095
            ],
            "goal_quat": [
                0.5246964224182197,
                0.0,
                0.0,
                0.8512894127742464
            ]
        }
    ]
}