{
    "objects": [
        {
            "shape": [
                0.18,
                0.2,
                0.17
            ],
            "start_pos": [
                0.03777558240915323,
                -0.07849924816457556,
                0.09600435914170635
            ],
            "start_quat": [
                -0.02955605830555076,
                0.9268457574505851,
                0.37247979285655924,
                -0.03663584620047402
            ],
            "goal_pos": [
                0.9916579438667823,
                0.8801561924639504,
                0.135
            ],
            "goal_quat": [
                0.8785769163423662,
                -0.0,
                -0.0,
                -0.47760088156361147
            ],
            "parent": "a3_pen_tip"
        },
        {
            "shape": [
                0.08,
                0.08,
                0.09
            ],
            "start_pos": [
                -0.9406014632361079,
                -0.077895215426677,
                0.07977893779838797
            ],
            "start_quat": [
                0.5578058244081366,
                -1.5408334302885388e-05,
                9.402605936887694e-06,
                0.829971482600778
            ],
            "goal_pos": [
                -0.9710816241725038,
                -0.07812087674722001,
                0.095
            ],
            "goal_quat": [
                0.5246964224182197,
                0.0,
                0.0,
                0.8512894127742464
            ]
        }
    ]
}