{
    "robots": [
        {
            "base_pos": [
                -0.5,
                -0.4,
                0.0
            ],
            "base_quat": [
                1.0,
                0.0,
                0.0,
                0.0
            ],
            "type": "ur5_vacuum",
            "start_pose": [
                2.4974038872430078,
                -0.4381593108992765,
                -1.5728760029146387,
                0.12494403601415163,
                1.6611206779517897,
                1.0245573421150809
            ]
        },
        {
            "base_pos": [
                0.6,
                -0.4,
                0.0
            ],
            "base_quat": [
                0.0,
                0.0,
                0.0,
                1.0
            ],
            "type": "ur5_vacuum",
            "start_pose": [
                0.0,
                0.5000000000000004,
                -1.2,
                0.0,
                1.57,
                1.57
            ]
        },
        {
            "base_pos": [
                -0.5,
                0.4,
                0.0
            ],
            "base_quat": [
                1.0,
                0.0,
                0.0,
                0.0
            ],
            "type": "ur5_vacuum",
            "start_pose": [
                0.021948318738998975,
                0.021451116969596035,
                -1.3503057850930935,
                -0.09046601232970182,
                1.6416327552697492,
                -4.522550224385172
            ]
        },
        {
            "base_pos": [
                0.6,
                0.4,
                0.0
            ],
            "base_quat": [
                0.0,
                0.0,
                0.0,
                1.0
            ],
            "type": "ur5_vacuum",
            "start_pose": [
                -2.045314313051508,
                -0.1782620233606562,
                -1.805511361250729,
                0.35991460607981307,
                1.6497434695964104,
                2.858287659270557
            ]
        }
    ]
}