{
    "objects": [
        {
            "shape": [
                0.18,
                0.2,
                0.17
            ],
            "start_pos": [
                -0.008039123019838066,
                0.5739654935018713,
                0.11962501514612096
            ],
            "start_quat": [
                -0.7636887647987023,
                1.2441660750764955e-05,
                -1.595757316937369e-05,
                -0.6455845956269354
            ],
            "goal_pos": [
                0.9916579438667823,
                0.8801561924639504,
                0.135
            ],
            "goal_quat": [
                0.8785769163423662,
                -0.0,
                -0.0,
                -0.47760088156361147
            ]
        },
        {
            "shape": [
                0.08,
                0.08,
                0.09
            ],
            "start_pos": [
                0.172445654918438,
                -0.12634171451965698,
                0.11237666757933051
            ],
            "start_quat": [
                0.8314642179560173,
                -0.033918243895965504,
                -0.0011976361429182206,
                -0.5545406862056848
            ],
            "goal_pos": [
                -0.9710816241725038,
                -0.07812087674722001,
                0.095
            ],
            "goal_quat": [
                0.5246964224182197,
                0.0,
                0.0,
                0.8512894127742464
            ]
        }
    ]
}