{
    "objects": [
        {
            "shape": [
                0.18,
                0.2,
                0.17
            ],
            "start_pos": [
                0.019581633500477542,
                -0.08888596008649788,
                0.0874429790631778
            ],
            "start_quat": [
                -0.036030125175647416,
                0.9354752469776585,
                0.3496572566911327,
                -0.03643755226613458
            ],
            "goal_pos": [
                0.9916579438667823,
                0.8801561924639504,
                0.135
            ],
            "goal_quat": [
                0.8785769163423662,
                -0.0,
                -0.0,
                -0.47760088156361147
            ],
            "parent": "a3_pen_tip"
        },
        {
            "shape": [
                0.08,
                0.08,
                0.09
            ],
            "start_pos": [
                -0.9406011554696193,
                -0.07789588446446177,
                0.07978148585091957
            ],
            "start_quat": [
                0.5578058244715792,
                -8.465633306667043e-06,
                5.1659714202471425e-06,
                0.8299714826951756
            ],
            "goal_pos": [
                -0.9710816241725038,
                -0.07812087674722001,
                0.095
            ],
            "goal_quat": [
                0.5246964224182197,
                0.0,
                0.0,
                0.8512894127742464
            ]
        }
    ]
}