{
    "robots": [
        {
            "base_pos": [
                -0.5,
                -0.4,
                0.0
            ],
            "base_quat": [
                1.0,
                0.0,
                0.0,
                0.0
            ],
            "type": "ur5_vacuum",
            "start_pose": [
                2.5474011500512455,
                -0.4708329045115048,
                -1.5580550185967623,
                0.14439012123376854,
                1.652893537565082,
                1.0058064303106713
            ]
        },
        {
            "base_pos": [
                0.6,
                -0.4,
                0.0
            ],
            "base_quat": [
                0.0,
                0.0,
                0.0,
                1.0
            ],
            "type": "ur5_vacuum",
            "start_pose": [
                0.0,
                0.5000000000000004,
                -1.2,
                0.0,
                1.57,
                1.57
            ]
        },
        {
            "base_pos": [
                -0.5,
                0.4,
                0.0
            ],
            "base_quat": [
                1.0,
                0.0,
                0.0,
                0.0
            ],
            "type": "ur5_vacuum",
            "start_pose": [
                0.022372689273651845,
                0.015397262099346706,
                -1.3522424550173118,
                -0.09172953569321364,
                1.6425205285965423,
                -4.5201930509594135
            ]
        },
        {
            "base_pos": [
                0.6,
                0.4,
                0.0
            ],
            "base_quat": [
                0.0,
                0.0,
                0.0,
                1.0
            ],
            "type": "ur5_vacuum",
            "start_pose": [
                -2.0749344641195093,
                -0.18808459093780494,
                -1.8142803420167128,
                0.3651268762513739,
                1.6508983239355774,
                2.87694458855105
            ]
        }
    ]
}