{
    "robots": [
        {
            "base_pos": [
                -0.5,
                -0.4,
                0.0
            ],
            "base_quat": [
                1.0,
                0.0,
                0.0,
                0.0
            ],
            "type": "ur5_vacuum",
            "start_pose": [
                1.109206148243027,
                -0.4677007554762209,
                -1.5680281120138133,
                0.08947737287939717,
                2.002453185406731,
                1.7370405221382157
            ]
        },
        {
            "base_pos": [
                0.6,
                -0.4,
                0.0
            ],
            "base_quat": [
                0.0,
                0.0,
                0.0,
                1.0
            ],
            "type": "ur5_vacuum",
            "start_pose": [
                0.0,
                0.5000000000000004,
                -1.2,
                0.0,
                1.57,
                1.57
            ]
        },
        {
            "base_pos": [
                -0.5,
                0.4,
                0.0
            ],
            "base_quat": [
                1.0,
                0.0,
                0.0,
                0.0
            ],
            "type": "ur5_vacuum",
            "start_pose": [
                0.03524273163969686,
                -0.1479796104131394,
                -1.4048482613335453,
                -0.12697909955668799,
                1.6663011945578354,
                -4.457105438215671
            ]
        },
        {
            "base_pos": [
                0.6,
                0.4,
                0.0
            ],
            "base_quat": [
                0.0,
                0.0,
                0.0,
                1.0
            ],
            "type": "ur5_vacuum",
            "start_pose": [
                -0.4767378307193304,
                -0.1678003474801498,
                -1.4982093316419232,
                0.02706738026702404,
                1.5039029905886399,
                2.0321602938915913
            ]
        }
    ]
}