{
    "objects": [
        {
            "shape": [
                0.18,
                0.2,
                0.17
            ],
            "start_pos": [
                0.05075029977257617,
                0.6894473083616888,
                0.1194482805461153
            ],
            "start_quat": [
                -0.6882624246497665,
                0.0001429883277021955,
                -0.00024998006699812944,
                -0.7254617508039471
            ],
            "goal_pos": [
                0.9916579438667823,
                0.8801561924639504,
                0.135
            ],
            "goal_quat": [
                0.8785769163423662,
                -0.0,
                -0.0,
                -0.47760088156361147
            ]
        },
        {
            "shape": [
                0.08,
                0.08,
                0.09
            ],
            "start_pos": [
                0.024743910350512696,
                -0.034607294203802756,
                0.045744825740973244
            ],
            "start_quat": [
                0.057056325937339517,
                0.8468870256327172,
                0.4960896405854767,
                -0.18281687555932533
            ],
            "goal_pos": [
                -0.9710816241725038,
                -0.07812087674722001,
                0.095
            ],
            "goal_quat": [
                0.5246964224182197,
                0.0,
                0.0,
                0.8512894127742464
            ],
            "parent": "a0_pen_tip"
        }
    ]
}