{
    "robots": [
        {
            "base_pos": [
                -0.5,
                -0.4,
                0.0
            ],
            "base_quat": [
                1.0,
                0.0,
                0.0,
                0.0
            ],
            "type": "ur5_vacuum",
            "start_pose": [
                0.0,
                0.5000000000000004,
                -1.2,
                0.0,
                1.57,
                1.57
            ]
        },
        {
            "base_pos": [
                0.6,
                -0.4,
                0.0
            ],
            "base_quat": [
                0.0,
                0.0,
                0.0,
                1.0
            ],
            "type": "ur5_vacuum",
            "start_pose": [
                0.0,
                0.5000000000000004,
                -1.2,
                0.0,
                1.57,
                1.57
            ]
        },
        {
            "base_pos": [
                -0.5,
                0.4,
                0.0
            ],
            "base_quat": [
                1.0,
                0.0,
                0.0,
                0.0
            ],
            "type": "ur5_vacuum",
            "start_pose": [
                0.5794691025283905,
                0.16195396823026006,
                -2.2494992961764755,
                0.5444615182333381,
                1.6617073090527938,
                3.350478252403339
            ]
        },
        {
            "base_pos": [
                0.6,
                0.4,
                0.0
            ],
            "base_quat": [
                0.0,
                0.0,
                0.0,
                1.0
            ],
            "type": "ur5_vacuum",
            "start_pose": [
                0.0,
                0.5000000000000004,
                -1.2,
                0.0,
                1.57,
                1.57
            ]
        }
    ]
}