{
    "objects": [
        {
            "shape": [
                0.18,
                0.2,
                0.17
            ],
            "start_pos": [
                0.991667595326181,
                0.8801556644602904,
                0.11977228716003689
            ],
            "start_quat": [
                -0.8785749437379128,
                1.6571762686850548e-08,
                -4.3467281835679514e-09,
                0.47760451027594175
            ],
            "goal_pos": [
                0.9916579438667823,
                0.8801561924639504,
                0.135
            ],
            "goal_quat": [
                0.8785769163423662,
                -0.0,
                -0.0,
                -0.47760088156361147
            ]
        },
        {
            "shape": [
                0.08,
                0.08,
                0.09
            ],
            "start_pos": [
                0.07513894539950515,
                -0.11691386098019085,
                0.0995566022788841
            ],
            "start_quat": [
                0.03471976469575346,
                0.8785241908511952,
                0.4571345733296155,
                -0.13423027190419667
            ],
            "goal_pos": [
                -0.9710816241725038,
                -0.07812087674722001,
                0.095
            ],
            "goal_quat": [
                0.5246964224182197,
                0.0,
                0.0,
                0.8512894127742464
            ],
            "parent": "a0_pen_tip"
        }
    ]
}