{
    "objects": [
        {
            "shape": [
                0.18,
                0.2,
                0.17
            ],
            "start_pos": [
                0.03691630045191753,
                0.4288611861318878,
                0.1194533251973449
            ],
            "start_quat": [
                -0.3734820737100769,
                -0.00016226682515472343,
                -1.9154299154699234e-06,
                -0.9276373829697843
            ],
            "goal_pos": [
                0.9916579438667823,
                0.8801561924639504,
                0.135
            ],
            "goal_quat": [
                0.8785769163423662,
                -0.0,
                -0.0,
                -0.47760088156361147
            ]
        },
        {
            "shape": [
                0.08,
                0.08,
                0.09
            ],
            "start_pos": [
                0.02343552001746166,
                -0.04718766951418196,
                0.14926544776723064
            ],
            "start_quat": [
                0.10485488497192785,
                0.8438704593971004,
                0.5081536125021705,
                -0.13663091507943742
            ],
            "goal_pos": [
                -0.9710816241725038,
                -0.07812087674722001,
                0.095
            ],
            "goal_quat": [
                0.5246964224182197,
                0.0,
                0.0,
                0.8512894127742464
            ],
            "parent": "a0_pen_tip"
        }
    ]
}