{
    "robots": [
        {
            "base_pos": [
                -0.5,
                -0.4,
                0.0
            ],
            "base_quat": [
                1.0,
                0.0,
                0.0,
                0.0
            ],
            "type": "ur5_vacuum",
            "start_pose": [
                0.39357603523515916,
                -0.5197315152792844,
                -1.3330522119337331,
                0.2651397284950081,
                1.8704712748096552,
                2.024595467191471
            ]
        },
        {
            "base_pos": [
                0.6,
                -0.4,
                0.0
            ],
            "base_quat": [
                0.0,
                0.0,
                0.0,
                1.0
            ],
            "type": "ur5_vacuum",
            "start_pose": [
                0.0,
                0.5000000000000004,
                -1.2,
                0.0,
                1.57,
                1.57
            ]
        },
        {
            "base_pos": [
                -0.5,
                0.4,
                0.0
            ],
            "base_quat": [
                1.0,
                0.0,
                0.0,
                0.0
            ],
            "type": "ur5_vacuum",
            "start_pose": [
                0.04371716220466719,
                -0.16331298723573773,
                -1.4216200093339817,
                -0.12287094456022983,
                1.6690184001150399,
                -4.430713218670946
            ]
        },
        {
            "base_pos": [
                0.6,
                0.4,
                0.0
            ],
            "base_quat": [
                0.0,
                0.0,
                0.0,
                1.0
            ],
            "type": "ur5_vacuum",
            "start_pose": [
                0.04370569074869989,
                -0.14807651319523082,
                -1.391240141264459,
                -0.08155706492668843,
                1.4582146439280117,
                1.7528950784299597
            ]
        }
    ]
}