{
    "objects": [
        {
            "shape": [
                0.18,
                0.2,
                0.17
            ],
            "start_pos": [
                0.040001078781001204,
                0.4394004826903808,
                0.119451746695777
            ],
            "start_quat": [
                -0.39177268138805055,
                -0.00014644590286394264,
                0.00012871674772741858,
                -0.9200620240525169
            ],
            "goal_pos": [
                0.9916579438667823,
                0.8801561924639504,
                0.135
            ],
            "goal_quat": [
                0.8785769163423662,
                -0.0,
                -0.0,
                -0.47760088156361147
            ]
        },
        {
            "shape": [
                0.08,
                0.08,
                0.09
            ],
            "start_pos": [
                0.024648516562257757,
                -0.034571594341142056,
                0.04575087864730812
            ],
            "start_quat": [
                0.05705632593733964,
                0.8468870256327172,
                0.4960896405854769,
                -0.1828168755593253
            ],
            "goal_pos": [
                -0.9710816241725038,
                -0.07812087674722001,
                0.095
            ],
            "goal_quat": [
                0.5246964224182197,
                0.0,
                0.0,
                0.8512894127742464
            ],
            "parent": "a0_pen_tip"
        }
    ]
}