{
    "robots": [
        {
            "base_pos": [
                -0.5,
                -0.4,
                0.0
            ],
            "base_quat": [
                1.0,
                0.0,
                0.0,
                0.0
            ],
            "type": "ur5_vacuum",
            "start_pose": [
                0.49148249975851405,
                -0.6472987745112738,
                -1.3540478731011445,
                0.29620394593416915,
                1.9031767042094665,
                2.06016149576645
            ]
        },
        {
            "base_pos": [
                0.6,
                -0.4,
                0.0
            ],
            "base_quat": [
                0.0,
                0.0,
                0.0,
                1.0
            ],
            "type": "ur5_vacuum",
            "start_pose": [
                0.0,
                0.5000000000000004,
                -1.2,
                0.0,
                1.57,
                1.57
            ]
        },
        {
            "base_pos": [
                -0.5,
                0.4,
                0.0
            ],
            "base_quat": [
                1.0,
                0.0,
                0.0,
                0.0
            ],
            "type": "ur5_vacuum",
            "start_pose": [
                0.03694151208523679,
                -0.16742665197097203,
                -1.4111498803152187,
                -0.13131061938152483,
                1.6691108823555132,
                -4.449658405235005
            ]
        },
        {
            "base_pos": [
                0.6,
                0.4,
                0.0
            ],
            "base_quat": [
                0.0,
                0.0,
                0.0,
                1.0
            ],
            "type": "ur5_vacuum",
            "start_pose": [
                0.04425839225720756,
                -0.15627275388337533,
                -1.393658738753016,
                -0.08258854245417209,
                1.4568008288736263,
                1.7552080965659873
            ]
        }
    ]
}