{
    "objects": [
        {
            "shape": [
                0.18,
                0.2,
                0.17
            ],
            "start_pos": [
                0.5103370997343003,
                1.1556779627955407,
                0.11968888698140724
            ],
            "start_quat": [
                -0.994822473499356,
                -0.0003406595456959789,
                0.0001624575529068382,
                -0.10162727871610301
            ],
            "goal_pos": [
                0.9916579438667823,
                0.8801561924639504,
                0.135
            ],
            "goal_quat": [
                0.8785769163423662,
                -0.0,
                -0.0,
                -0.47760088156361147
            ]
        },
        {
            "shape": [
                0.08,
                0.08,
                0.09
            ],
            "start_pos": [
                0.025029801740028425,
                -0.034597421996470874,
                0.04571574215905716
            ],
            "start_quat": [
                0.057056325937339496,
                0.8468870256327171,
                0.49608964058547694,
                -0.18281687555932552
            ],
            "goal_pos": [
                -0.9710816241725038,
                -0.07812087674722001,
                0.095
            ],
            "goal_quat": [
                0.5246964224182197,
                0.0,
                0.0,
                0.8512894127742464
            ],
            "parent": "a0_pen_tip"
        }
    ]
}