{
    "robots": [
        {
            "base_pos": [
                -0.5,
                -0.4,
                0.0
            ],
            "base_quat": [
                1.0,
                0.0,
                0.0,
                0.0
            ],
            "type": "ur5_vacuum",
            "start_pose": [
                1.346142970071547,
                -0.3807020971591779,
                -1.6688571710254188,
                -0.010001064644979962,
                2.0602413642211808,
                1.6086834258393736
            ]
        },
        {
            "base_pos": [
                0.6,
                -0.4,
                0.0
            ],
            "base_quat": [
                0.0,
                0.0,
                0.0,
                1.0
            ],
            "type": "ur5_vacuum",
            "start_pose": [
                0.0,
                0.5000000000000004,
                -1.2,
                0.0,
                1.57,
                1.57
            ]
        },
        {
            "base_pos": [
                -0.5,
                0.4,
                0.0
            ],
            "base_quat": [
                1.0,
                0.0,
                0.0,
                0.0
            ],
            "type": "ur5_vacuum",
            "start_pose": [
                0.03384266602165798,
                -0.13166285571325467,
                -1.3995668716894136,
                -0.12336554881476365,
                1.6639405711270874,
                -4.463363548097103
            ]
        },
        {
            "base_pos": [
                0.6,
                0.4,
                0.0
            ],
            "base_quat": [
                0.0,
                0.0,
                0.0,
                1.0
            ],
            "type": "ur5_vacuum",
            "start_pose": [
                -0.8008527598991018,
                -0.17497183433592225,
                -1.5632509385059186,
                0.0952850196153599,
                1.533205567216638,
                2.204453993054717
            ]
        }
    ]
}