{
    "objects": [
        {
            "shape": [
                0.18,
                0.2,
                0.17
            ],
            "start_pos": [
                -0.011615760100980227,
                -0.10349199236990356,
                0.07328802139197982
            ],
            "start_quat": [
                -0.04668179444634583,
                0.9483570859469772,
                0.31164824962647203,
                -0.03626315080330213
            ],
            "goal_pos": [
                0.9916579438667823,
                0.8801561924639504,
                0.135
            ],
            "goal_quat": [
                0.8785769163423662,
                -0.0,
                -0.0,
                -0.47760088156361147
            ],
            "parent": "a3_pen_tip"
        },
        {
            "shape": [
                0.08,
                0.08,
                0.09
            ],
            "start_pos": [
                -0.8297686103019739,
                -0.26968933740881323,
                0.08862901838880008
            ],
            "start_quat": [
                0.45763093648577674,
                0.470871361181787,
                -0.6856063369824221,
                0.3143215517261033
            ],
            "goal_pos": [
                -0.9710816241725038,
                -0.07812087674722001,
                0.095
            ],
            "goal_quat": [
                0.5246964224182197,
                0.0,
                0.0,
                0.8512894127742464
            ]
        }
    ]
}