{
    "robots": [
        {
            "base_pos": [
                -0.5,
                -0.4,
                0.0
            ],
            "base_quat": [
                1.0,
                0.0,
                0.0,
                0.0
            ],
            "type": "ur5_vacuum",
            "start_pose": [
                1.7726292493628826,
                -0.22410451218850191,
                -1.8503494772463096,
                -0.1890622521888563,
                2.1642600860871894,
                1.3776406525014604
            ]
        },
        {
            "base_pos": [
                0.6,
                -0.4,
                0.0
            ],
            "base_quat": [
                0.0,
                0.0,
                0.0,
                1.0
            ],
            "type": "ur5_vacuum",
            "start_pose": [
                0.0,
                0.5000000000000004,
                -1.2,
                0.0,
                1.57,
                1.57
            ]
        },
        {
            "base_pos": [
                -0.5,
                0.4,
                0.0
            ],
            "base_quat": [
                1.0,
                0.0,
                0.0,
                0.0
            ],
            "type": "ur5_vacuum",
            "start_pose": [
                0.030687732786173094,
                -0.09380104568454732,
                -1.3873343323477405,
                -0.11505672372935959,
                1.6584511470355803,
                -4.477919838416553
            ]
        },
        {
            "base_pos": [
                0.6,
                0.4,
                0.0
            ],
            "base_quat": [
                0.0,
                0.0,
                0.0,
                1.0
            ],
            "type": "ur5_vacuum",
            "start_pose": [
                -1.4099755965755214,
                -0.18844949495319707,
                -1.685486399392237,
                0.22348938336799554,
                1.58827526306736,
                2.5282528309505006
            ]
        }
    ]
}