{
    "robots": [
        {
            "base_pos": [
                -0.5,
                -0.4,
                0.0
            ],
            "base_quat": [
                1.0,
                0.0,
                0.0,
                0.0
            ],
            "type": "ur5_vacuum",
            "start_pose": [
                2.548614489438815,
                -0.43522837444649143,
                -1.65916840714584,
                0.08064269079826636,
                1.8019680203977293,
                1.0839414202012996
            ]
        },
        {
            "base_pos": [
                0.6,
                -0.4,
                0.0
            ],
            "base_quat": [
                0.0,
                0.0,
                0.0,
                1.0
            ],
            "type": "ur5_vacuum",
            "start_pose": [
                0.0,
                0.5000000000000004,
                -1.2,
                0.0,
                1.57,
                1.57
            ]
        },
        {
            "base_pos": [
                -0.5,
                0.4,
                0.0
            ],
            "base_quat": [
                1.0,
                0.0,
                0.0,
                0.0
            ],
            "type": "ur5_vacuum",
            "start_pose": [
                0.02407757656724091,
                -0.008374182149353667,
                -1.3598563568210151,
                -0.09672223819247168,
                1.646001679502386,
                -4.5109515240104034
            ]
        },
        {
            "base_pos": [
                0.6,
                0.4,
                0.0
            ],
            "base_quat": [
                0.0,
                0.0,
                0.0,
                1.0
            ],
            "type": "ur5_vacuum",
            "start_pose": [
                -2.1236495658478542,
                -0.20424045748683245,
                -1.8287026712423131,
                0.3736991724810566,
                1.6527974888620964,
                2.907629250109865
            ]
        }
    ]
}