{
    "objects": [
        {
            "shape": [
                0.18,
                0.2,
                0.17
            ],
            "start_pos": [
                -0.011652941803991956,
                -0.10322910577770228,
                0.07335835643906555
            ],
            "start_quat": [
                -0.04668179444634583,
                0.9483570859469772,
                0.31164824962647203,
                -0.03626315080330227
            ],
            "goal_pos": [
                0.9916579438667823,
                0.8801561924639504,
                0.135
            ],
            "goal_quat": [
                0.8785769163423662,
                -0.0,
                -0.0,
                -0.47760088156361147
            ],
            "parent": "a3_pen_tip"
        },
        {
            "shape": [
                0.08,
                0.08,
                0.09
            ],
            "start_pos": [
                -1.0183806287183206,
                -0.06569946956828018,
                0.0795911551327335
            ],
            "start_quat": [
                -0.08632278185440927,
                0.00020833961901680812,
                -0.0037505352755534053,
                0.9962601404315377
            ],
            "goal_pos": [
                -0.9710816241725038,
                -0.07812087674722001,
                0.095
            ],
            "goal_quat": [
                0.5246964224182197,
                0.0,
                0.0,
                0.8512894127742464
            ]
        }
    ]
}