{
    "robots": [
        {
            "base_pos": [
                -0.5,
                -0.4,
                0.0
            ],
            "base_quat": [
                1.0,
                0.0,
                0.0,
                0.0
            ],
            "type": "ur5_vacuum",
            "start_pose": [
                0.22165826820077994,
                -0.07430304832486326,
                -1.2749337128169866,
                0.14932413084852106,
                1.7392225402636,
                1.8260238489908476
            ]
        },
        {
            "base_pos": [
                0.6,
                -0.4,
                0.0
            ],
            "base_quat": [
                0.0,
                0.0,
                0.0,
                1.0
            ],
            "type": "ur5_vacuum",
            "start_pose": [
                0.0,
                0.5000000000000004,
                -1.2,
                0.0,
                1.57,
                1.57
            ]
        },
        {
            "base_pos": [
                -0.5,
                0.4,
                0.0
            ],
            "base_quat": [
                1.0,
                0.0,
                0.0,
                0.0
            ],
            "type": "ur5_vacuum",
            "start_pose": [
                0.06837212365024936,
                -0.14834436083692892,
                -1.4597183112224323,
                -0.09216097219634588,
                1.6686818869546427,
                -4.3617762546640195
            ]
        },
        {
            "base_pos": [
                0.6,
                0.4,
                0.0
            ],
            "base_quat": [
                0.0,
                0.0,
                0.0,
                1.0
            ],
            "type": "ur5_vacuum",
            "start_pose": [
                0.04169452731840596,
                -0.1182523769757128,
                -1.3824394425626494,
                -0.0778037761981043,
                1.4633591521328408,
                1.7444785433375214
            ]
        }
    ]
}