{
    "robots": [
        {
            "base_pos": [
                -0.5,
                -0.4,
                0.0
            ],
            "base_quat": [
                1.0,
                0.0,
                0.0,
                0.0
            ],
            "type": "ur5_vacuum",
            "start_pose": [
                1.2987556057058427,
                -0.39810182882258616,
                -1.6486913592230978,
                0.009894622859896174,
                2.0486837284582897,
                1.6343548450991428
            ]
        },
        {
            "base_pos": [
                0.6,
                -0.4,
                0.0
            ],
            "base_quat": [
                0.0,
                0.0,
                0.0,
                1.0
            ],
            "type": "ur5_vacuum",
            "start_pose": [
                0.0,
                0.5000000000000004,
                -1.2,
                0.0,
                1.57,
                1.57
            ]
        },
        {
            "base_pos": [
                -0.5,
                0.4,
                0.0
            ],
            "base_quat": [
                1.0,
                0.0,
                0.0,
                0.0
            ],
            "type": "ur5_vacuum",
            "start_pose": [
                0.03414697510244969,
                -0.13523364110786656,
                -1.4007221592755825,
                -0.12415465294861634,
                1.6644574353263435,
                -4.461993239850682
            ]
        },
        {
            "base_pos": [
                0.6,
                0.4,
                0.0
            ],
            "base_quat": [
                0.0,
                0.0,
                0.0,
                1.0
            ],
            "type": "ur5_vacuum",
            "start_pose": [
                -0.7339501590842042,
                -0.17349152310111107,
                -1.5498252905653538,
                0.08120378540002907,
                1.5271570344689713,
                2.1688897661760547
            ]
        }
    ]
}