{
    "objects": [
        {
            "shape": [
                0.18,
                0.2,
                0.17
            ],
            "start_pos": [
                -0.011482195422066958,
                -0.10371337317675475,
                0.07321803408886257
            ],
            "start_quat": [
                -0.04668179444634597,
                0.9483570859469772,
                0.31164824962647214,
                -0.03626315080330225
            ],
            "goal_pos": [
                0.9916579438667823,
                0.8801561924639504,
                0.135
            ],
            "goal_quat": [
                0.8785769163423662,
                -0.0,
                -0.0,
                -0.47760088156361147
            ],
            "parent": "a3_pen_tip"
        },
        {
            "shape": [
                0.08,
                0.08,
                0.09
            ],
            "start_pos": [
                -0.7764727934447616,
                0.03401721500314778,
                0.08964165276747539
            ],
            "start_quat": [
                -0.15670807126627512,
                0.0612997578212996,
                -0.9856925122843757,
                -0.0097566037928352
            ],
            "goal_pos": [
                -0.9710816241725038,
                -0.07812087674722001,
                0.095
            ],
            "goal_quat": [
                0.5246964224182197,
                0.0,
                0.0,
                0.8512894127742464
            ]
        }
    ]
}