{
    "robots": [
        {
            "base_pos": [
                -0.5,
                -0.4,
                0.0
            ],
            "base_quat": [
                1.0,
                0.0,
                0.0,
                0.0
            ],
            "type": "ur5_vacuum",
            "start_pose": [
                0.3730096509380611,
                -0.46644526443725326,
                -1.3260995400715383,
                0.25128479791592956,
                1.8547700925651887,
                2.000840506119537
            ]
        },
        {
            "base_pos": [
                0.6,
                -0.4,
                0.0
            ],
            "base_quat": [
                0.0,
                0.0,
                0.0,
                1.0
            ],
            "type": "ur5_vacuum",
            "start_pose": [
                0.0,
                0.5000000000000004,
                -1.2,
                0.0,
                1.57,
                1.57
            ]
        },
        {
            "base_pos": [
                -0.5,
                0.4,
                0.0
            ],
            "base_quat": [
                1.0,
                0.0,
                0.0,
                0.0
            ],
            "type": "ur5_vacuum",
            "start_pose": [
                0.04627053695807826,
                -0.161762770740085,
                -1.4255656335392304,
                -0.11969048810856459,
                1.6689835489079587,
                -4.423573806807859
            ]
        },
        {
            "base_pos": [
                0.6,
                0.4,
                0.0
            ],
            "base_quat": [
                0.0,
                0.0,
                0.0,
                1.0
            ],
            "type": "ur5_vacuum",
            "start_pose": [
                0.04349740686478119,
                -0.14498779552471414,
                -1.3903287029723088,
                -0.0811683574731973,
                1.4587474329879773,
                1.7520234266360668
            ]
        }
    ]
}