{
    "robots": [
        {
            "base_pos": [
                -0.5,
                -0.4,
                0.0
            ],
            "base_quat": [
                1.0,
                0.0,
                0.0,
                0.0
            ],
            "type": "ur5_vacuum",
            "start_pose": [
                0.4116267233754526,
                -0.5664997507662228,
                -1.3391544282703665,
                0.27729991422056915,
                1.8842518766630212,
                2.045444702338096
            ]
        },
        {
            "base_pos": [
                0.6,
                -0.4,
                0.0
            ],
            "base_quat": [
                0.0,
                0.0,
                0.0,
                1.0
            ],
            "type": "ur5_vacuum",
            "start_pose": [
                0.0,
                0.5000000000000004,
                -1.2,
                0.0,
                1.57,
                1.57
            ]
        },
        {
            "base_pos": [
                -0.5,
                0.4,
                0.0
            ],
            "base_quat": [
                1.0,
                0.0,
                0.0,
                0.0
            ],
            "type": "ur5_vacuum",
            "start_pose": [
                0.04153510403667454,
                -0.16463776846379102,
                -1.418248165547844,
                -0.12558889266314346,
                1.6690481832996193,
                -4.4368144039599615
            ]
        },
        {
            "base_pos": [
                0.6,
                0.4,
                0.0
            ],
            "base_quat": [
                0.0,
                0.0,
                0.0,
                1.0
            ],
            "type": "ur5_vacuum",
            "start_pose": [
                0.04388368537591561,
                -0.15071606388089578,
                -1.3920190364192373,
                -0.08188924594830892,
                1.4577593337091976,
                1.7536399727120728
            ]
        }
    ]
}