{
    "objects": [
        {
            "shape": [
                0.18,
                0.2,
                0.17
            ],
            "start_pos": [
                0.037182139316675314,
                0.42984396959099025,
                0.11944680490648804
            ],
            "start_quat": [
                -0.37523716700817594,
                -0.00017804873854436907,
                5.2792112056283013e-05,
                -0.9269288181987423
            ],
            "goal_pos": [
                0.9916579438667823,
                0.8801561924639504,
                0.135
            ],
            "goal_quat": [
                0.8785769163423662,
                -0.0,
                -0.0,
                -0.47760088156361147
            ]
        },
        {
            "shape": [
                0.08,
                0.08,
                0.09
            ],
            "start_pos": [
                0.02519080416306143,
                -0.04239799940436284,
                0.11190192786791311
            ],
            "start_quat": [
                0.08814431357758007,
                0.8451624988588942,
                0.5042156143455769,
                -0.1539400687171457
            ],
            "goal_pos": [
                -0.9710816241725038,
                -0.07812087674722001,
                0.095
            ],
            "goal_quat": [
                0.5246964224182197,
                0.0,
                0.0,
                0.8512894127742464
            ],
            "parent": "a0_pen_tip"
        }
    ]
}