{
    "objects": [
        {
            "shape": [
                0.18,
                0.2,
                0.17
            ],
            "start_pos": [
                0.8584957558235977,
                1.0979637992775517,
                0.11971559714032623
            ],
            "start_quat": [
                -0.9165038112037784,
                4.0967824511715436e-05,
                0.0003437386470781444,
                0.4000258044355766
            ],
            "goal_pos": [
                0.9916579438667823,
                0.8801561924639504,
                0.135
            ],
            "goal_quat": [
                0.8785769163423662,
                -0.0,
                -0.0,
                -0.47760088156361147
            ]
        },
        {
            "shape": [
                0.08,
                0.08,
                0.09
            ],
            "start_pos": [
                0.02519942252558243,
                -0.03452554975605593,
                0.04567759419523018
            ],
            "start_quat": [
                0.05705632593733934,
                0.8468870256327171,
                0.49608964058547694,
                -0.18281687555932538
            ],
            "goal_pos": [
                -0.9710816241725038,
                -0.07812087674722001,
                0.095
            ],
            "goal_quat": [
                0.5246964224182197,
                0.0,
                0.0,
                0.8512894127742464
            ],
            "parent": "a0_pen_tip"
        }
    ]
}