{
    "objects": [
        {
            "shape": [
                0.18,
                0.2,
                0.17
            ],
            "start_pos": [
                -0.01139111869005004,
                -0.10379741620918345,
                0.07318425576749904
            ],
            "start_quat": [
                -0.04668179444634586,
                0.9483570859469772,
                0.31164824962647203,
                -0.03626315080330212
            ],
            "goal_pos": [
                0.9916579438667823,
                0.8801561924639504,
                0.135
            ],
            "goal_quat": [
                0.8785769163423662,
                -0.0,
                -0.0,
                -0.47760088156361147
            ],
            "parent": "a3_pen_tip"
        },
        {
            "shape": [
                0.08,
                0.08,
                0.09
            ],
            "start_pos": [
                -0.4160943373267783,
                0.16038882939874058,
                0.07966280002943786
            ],
            "start_quat": [
                0.9965724023716634,
                -0.0003908179659428501,
                -0.004649422056934392,
                -0.08259344385013255
            ],
            "goal_pos": [
                -0.9710816241725038,
                -0.07812087674722001,
                0.095
            ],
            "goal_quat": [
                0.5246964224182197,
                0.0,
                0.0,
                0.8512894127742464
            ]
        }
    ]
}