{
    "objects": [
        {
            "shape": [
                0.18,
                0.2,
                0.17
            ],
            "start_pos": [
                -0.011654478426961656,
                -0.10327026456776721,
                0.07334765167018525
            ],
            "start_quat": [
                -0.046681794446345674,
                0.9483570859469772,
                0.31164824962647203,
                -0.036263150803301995
            ],
            "goal_pos": [
                0.9916579438667823,
                0.8801561924639504,
                0.135
            ],
            "goal_quat": [
                0.8785769163423662,
                -0.0,
                -0.0,
                -0.47760088156361147
            ],
            "parent": "a3_pen_tip"
        },
        {
            "shape": [
                0.08,
                0.08,
                0.09
            ],
            "start_pos": [
                -0.9001706790247747,
                -0.05998831152174703,
                0.07960864688824605
            ],
            "start_quat": [
                0.36748503182301323,
                -9.117128626414958e-05,
                7.729585002120022e-05,
                0.9300294280823519
            ],
            "goal_pos": [
                -0.9710816241725038,
                -0.07812087674722001,
                0.095
            ],
            "goal_quat": [
                0.5246964224182197,
                0.0,
                0.0,
                0.8512894127742464
            ]
        }
    ]
}