{
    "robots": [
        {
            "base_pos": [
                -0.5,
                -0.4,
                0.0
            ],
            "base_quat": [
                1.0,
                0.0,
                0.0,
                0.0
            ],
            "type": "ur5_vacuum",
            "start_pose": [
                0.5394325013676723,
                -0.6454318737109512,
                -1.3581552467309634,
                0.2936140465988289,
                1.8977434120655883,
                2.038025902089599
            ]
        },
        {
            "base_pos": [
                0.6,
                -0.4,
                0.0
            ],
            "base_quat": [
                0.0,
                0.0,
                0.0,
                1.0
            ],
            "type": "ur5_vacuum",
            "start_pose": [
                0.0,
                0.5000000000000004,
                -1.2,
                0.0,
                1.57,
                1.57
            ]
        },
        {
            "base_pos": [
                -0.5,
                0.4,
                0.0
            ],
            "base_quat": [
                1.0,
                0.0,
                0.0,
                0.0
            ],
            "type": "ur5_vacuum",
            "start_pose": [
                0.03694165444962372,
                -0.16742656558890118,
                -1.4111501004038436,
                -0.13131044193038965,
                1.669110880449045,
                -4.4496580072438325
            ]
        },
        {
            "base_pos": [
                0.6,
                0.4,
                0.0
            ],
            "base_quat": [
                0.0,
                0.0,
                0.0,
                1.0
            ],
            "type": "ur5_vacuum",
            "start_pose": [
                0.0442583805679444,
                -0.1562725817330538,
                -1.3936586879155815,
                -0.08258852083048218,
                1.4568008584577716,
                1.7552080478768648
            ]
        }
    ]
}