{
    "robots": [
        {
            "base_pos": [
                -0.5,
                -0.4,
                0.0
            ],
            "base_quat": [
                1.0,
                0.0,
                0.0,
                0.0
            ],
            "type": "ur5_vacuum",
            "start_pose": [
                2.107506356467617,
                -0.18941948830459943,
                -1.9000459001886219,
                -0.22355395628123098,
                2.1477465725861915,
                1.2187868978952352
            ]
        },
        {
            "base_pos": [
                0.6,
                -0.4,
                0.0
            ],
            "base_quat": [
                0.0,
                0.0,
                0.0,
                1.0
            ],
            "type": "ur5_vacuum",
            "start_pose": [
                0.0,
                0.5000000000000004,
                -1.2,
                0.0,
                1.57,
                1.57
            ]
        },
        {
            "base_pos": [
                -0.5,
                0.4,
                0.0
            ],
            "base_quat": [
                1.0,
                0.0,
                0.0,
                0.0
            ],
            "type": "ur5_vacuum",
            "start_pose": [
                0.027882222451995464,
                -0.058686056635104074,
                -1.3760181949258556,
                -0.10744853236243616,
                1.6533448453884083,
                -4.491464820951155
            ]
        },
        {
            "base_pos": [
                0.6,
                0.4,
                0.0
            ],
            "base_quat": [
                0.0,
                0.0,
                0.0,
                1.0
            ],
            "type": "ur5_vacuum",
            "start_pose": [
                -1.8309504922899937,
                -0.19776411548665676,
                -1.7699653794414298,
                0.31209361508610456,
                1.6263349541852319,
                2.752035606652304
            ]
        }
    ]
}