{
    "objects": [
        {
            "shape": [
                0.18,
                0.2,
                0.17
            ],
            "start_pos": [
                1.0509563796480292,
                0.896622637610494,
                0.11957578495279654
            ],
            "start_quat": [
                -0.7724769309265331,
                0.0003324489477629668,
                0.00030700811363639207,
                0.635042665031287
            ],
            "goal_pos": [
                0.9916579438667823,
                0.8801561924639504,
                0.135
            ],
            "goal_quat": [
                0.8785769163423662,
                -0.0,
                -0.0,
                -0.47760088156361147
            ]
        },
        {
            "shape": [
                0.08,
                0.08,
                0.09
            ],
            "start_pos": [
                0.02527476836539018,
                -0.034495376769676345,
                0.045651631574803786
            ],
            "start_quat": [
                0.05705632593733941,
                0.8468870256327173,
                0.49608964058547667,
                -0.18281687555932533
            ],
            "goal_pos": [
                -0.9710816241725038,
                -0.07812087674722001,
                0.095
            ],
            "goal_quat": [
                0.5246964224182197,
                0.0,
                0.0,
                0.8512894127742464
            ],
            "parent": "a0_pen_tip"
        }
    ]
}