{
    "objects": [
        {
            "shape": [
                0.18,
                0.2,
                0.17
            ],
            "start_pos": [
                0.04000110101642079,
                0.4394005512510432,
                0.11945174563773532
            ],
            "start_quat": [
                -0.3917728013208159,
                -0.000146445333559989,
                0.00012871619618067345,
                -0.9200619729839645
            ],
            "goal_pos": [
                0.9916579438667823,
                0.8801561924639504,
                0.135
            ],
            "goal_quat": [
                0.8785769163423662,
                -0.0,
                -0.0,
                -0.47760088156361147
            ]
        },
        {
            "shape": [
                0.08,
                0.08,
                0.09
            ],
            "start_pos": [
                0.024657439153542963,
                -0.03458270210976035,
                0.045747520952816007
            ],
            "start_quat": [
                0.05705632593733938,
                0.8468870256327172,
                0.4960896405854767,
                -0.18281687555932524
            ],
            "goal_pos": [
                -0.9710816241725038,
                -0.07812087674722001,
                0.095
            ],
            "goal_quat": [
                0.5246964224182197,
                0.0,
                0.0,
                0.8512894127742464
            ],
            "parent": "a0_pen_tip"
        }
    ]
}