{
    "objects": [
        {
            "shape": [
                0.18,
                0.2,
                0.17
            ],
            "start_pos": [
                -0.20716887334634748,
                -0.5991482492411564,
                0.026694239921949553
            ],
            "start_quat": [
                -0.135097358141686,
                -0.3277522009954752,
                0.9341915103815193,
                -0.04016740590148302
            ],
            "goal_pos": [
                0.9916579438667823,
                0.8801561924639504,
                0.135
            ],
            "goal_quat": [
                0.8785769163423662,
                -0.0,
                -0.0,
                -0.47760088156361147
            ],
            "parent": "a0_pen_tip"
        },
        {
            "shape": [
                0.08,
                0.08,
                0.09
            ],
            "start_pos": [
                0.17089443453381598,
                -0.12886945882762696,
                0.07968030923657639
            ],
            "start_quat": [
                0.8319909572570428,
                -0.0003337386078032577,
                2.5752712439382886e-05,
                -0.5547890905541032
            ],
            "goal_pos": [
                -0.9710816241725038,
                -0.07812087674722001,
                0.095
            ],
            "goal_quat": [
                0.5246964224182197,
                0.0,
                0.0,
                0.8512894127742464
            ]
        }
    ]
}