{
    "robots": [
        {
            "base_pos": [
                -0.5,
                -0.4,
                0.0
            ],
            "base_quat": [
                1.0,
                0.0,
                0.0,
                0.0
            ],
            "type": "ur5_vacuum",
            "start_pose": [
                2.4500238661182814,
                -0.3650103429137124,
                -1.7290608107966543,
                -0.005664960262461237,
                1.8962328884485156,
                1.110181737703945
            ]
        },
        {
            "base_pos": [
                0.6,
                -0.4,
                0.0
            ],
            "base_quat": [
                0.0,
                0.0,
                0.0,
                1.0
            ],
            "type": "ur5_vacuum",
            "start_pose": [
                0.0,
                0.5000000000000004,
                -1.2,
                0.0,
                1.57,
                1.57
            ]
        },
        {
            "base_pos": [
                -0.5,
                0.4,
                0.0
            ],
            "base_quat": [
                1.0,
                0.0,
                0.0,
                0.0
            ],
            "type": "ur5_vacuum",
            "start_pose": [
                0.024930886111721683,
                -0.019966027211150258,
                -1.3635744498554905,
                -0.09917467759246977,
                1.6476964650138026,
                -4.50645315273247
            ]
        },
        {
            "base_pos": [
                0.6,
                0.4,
                0.0
            ],
            "base_quat": [
                0.0,
                0.0,
                0.0,
                1.0
            ],
            "type": "ur5_vacuum",
            "start_pose": [
                -2.098879974833856,
                -0.20369239897285463,
                -1.8237320408320996,
                0.36848581446604756,
                1.6505580997461187,
                2.8944621733956257
            ]
        }
    ]
}