{
    "robots": [
        {
            "base_pos": [
                -0.5,
                -0.4,
                0.0
            ],
            "base_quat": [
                1.0,
                0.0,
                0.0,
                0.0
            ],
            "type": "ur5_vacuum",
            "start_pose": [
                0.4435324981493558,
                -0.6491656753115964,
                -1.3499404994713256,
                0.29879384526950936,
                1.9086099963533447,
                2.0822970894433013
            ]
        },
        {
            "base_pos": [
                0.6,
                -0.4,
                0.0
            ],
            "base_quat": [
                0.0,
                0.0,
                0.0,
                1.0
            ],
            "type": "ur5_vacuum",
            "start_pose": [
                0.0,
                0.5000000000000004,
                -1.2,
                0.0,
                1.57,
                1.57
            ]
        },
        {
            "base_pos": [
                -0.5,
                0.4,
                0.0
            ],
            "base_quat": [
                1.0,
                0.0,
                0.0,
                0.0
            ],
            "type": "ur5_vacuum",
            "start_pose": [
                0.03694137022605919,
                -0.16742673804578406,
                -1.411149661006235,
                -0.1313107962046739,
                1.6691108842547007,
                -4.4496588018128485
            ]
        },
        {
            "base_pos": [
                0.6,
                0.4,
                0.0
            ],
            "base_quat": [
                0.0,
                0.0,
                0.0,
                1.0
            ],
            "type": "ur5_vacuum",
            "start_pose": [
                0.04425840390606097,
                -0.15627292542191065,
                -1.3936587894103218,
                -0.08258856400043961,
                1.4568007993961762,
                1.7552081450835886
            ]
        }
    ]
}