{
    "objects": [
        {
            "shape": [
                0.18,
                0.2,
                0.17
            ],
            "start_pos": [
                0.05844465872952899,
                -0.06461459479590721,
                0.10611142989336222
            ],
            "start_quat": [
                -0.02188755048757249,
                0.9158499241210232,
                0.39921638252661185,
                -0.03696121674858369
            ],
            "goal_pos": [
                0.9916579438667823,
                0.8801561924639504,
                0.135
            ],
            "goal_quat": [
                0.8785769163423662,
                -0.0,
                -0.0,
                -0.47760088156361147
            ],
            "parent": "a3_pen_tip"
        },
        {
            "shape": [
                0.08,
                0.08,
                0.09
            ],
            "start_pos": [
                -0.9406020970844863,
                -0.07789383753629105,
                0.07977377829684647
            ],
            "start_quat": [
                0.5578058241612128,
                -2.9707402902733717e-05,
                1.8128305655840875e-05,
                0.8299714822333745
            ],
            "goal_pos": [
                -0.9710816241725038,
                -0.07812087674722001,
                0.095
            ],
            "goal_quat": [
                0.5246964224182197,
                0.0,
                0.0,
                0.8512894127742464
            ]
        }
    ]
}