{
    "robots": [
        {
            "base_pos": [
                -0.5,
                -0.4,
                0.0
            ],
            "base_quat": [
                1.0,
                0.0,
                0.0,
                0.0
            ],
            "type": "ur5_vacuum",
            "start_pose": [
                2.44740662443477,
                -0.4054857172870483,
                -1.587696987232515,
                0.10549795079453476,
                1.6693478183384975,
                1.0433082539194904
            ]
        },
        {
            "base_pos": [
                0.6,
                -0.4,
                0.0
            ],
            "base_quat": [
                0.0,
                0.0,
                0.0,
                1.0
            ],
            "type": "ur5_vacuum",
            "start_pose": [
                0.0,
                0.5000000000000004,
                -1.2,
                0.0,
                1.57,
                1.57
            ]
        },
        {
            "base_pos": [
                -0.5,
                0.4,
                0.0
            ],
            "base_quat": [
                1.0,
                0.0,
                0.0,
                0.0
            ],
            "type": "ur5_vacuum",
            "start_pose": [
                0.02152516106761092,
                0.0275457362497551,
                -1.3483570519135333,
                -0.08919728483387901,
                1.640738493166819,
                -4.524924780645758
            ]
        },
        {
            "base_pos": [
                0.6,
                0.4,
                0.0
            ],
            "base_quat": [
                0.0,
                0.0,
                0.0,
                1.0
            ],
            "type": "ur5_vacuum",
            "start_pose": [
                -2.0102139430961055,
                -0.16662211820150258,
                -1.7951199734515118,
                0.3537379796252395,
                1.6483749484739467,
                2.8361788889893194
            ]
        }
    ]
}