{
    "robots": [
        {
            "base_pos": [
                -0.5,
                -0.4,
                0.0
            ],
            "base_quat": [
                1.0,
                0.0,
                0.0,
                0.0
            ],
            "type": "ur5_vacuum",
            "start_pose": [
                0.01697606417760122,
                0.4560160543841664,
                -1.2057389203948123,
                0.011436232523445049,
                1.5829601863952096,
                1.5896080101863366
            ]
        },
        {
            "base_pos": [
                0.6,
                -0.4,
                0.0
            ],
            "base_quat": [
                0.0,
                0.0,
                0.0,
                1.0
            ],
            "type": "ur5_vacuum",
            "start_pose": [
                0.0,
                0.5000000000000004,
                -1.2,
                0.0,
                1.57,
                1.57
            ]
        },
        {
            "base_pos": [
                -0.5,
                0.4,
                0.0
            ],
            "base_quat": [
                1.0,
                0.0,
                0.0,
                0.0
            ],
            "type": "ur5_vacuum",
            "start_pose": [
                0.11798149263379662,
                -0.11822533948526813,
                -1.5363776998480148,
                -0.030367961579275588,
                1.6680047969288372,
                -4.223065099158254
            ]
        },
        {
            "base_pos": [
                0.6,
                0.4,
                0.0
            ],
            "base_quat": [
                0.0,
                0.0,
                0.0,
                1.0
            ],
            "type": "ur5_vacuum",
            "start_pose": [
                0.037647725238024114,
                -0.05824191614987494,
                -1.3647311438846388,
                -0.07025164446233968,
                1.4737105733503644,
                1.72754319304777
            ]
        }
    ]
}