{
    "objects": [
        {
            "shape": [
                0.18,
                0.2,
                0.17
            ],
            "start_pos": [
                -0.011623746521518732,
                -0.10346857971098211,
                0.07329460419411041
            ],
            "start_quat": [
                -0.046681794446345605,
                0.9483570859469772,
                0.3116482496264721,
                -0.03626315080330221
            ],
            "goal_pos": [
                0.9916579438667823,
                0.8801561924639504,
                0.135
            ],
            "goal_quat": [
                0.8785769163423662,
                -0.0,
                -0.0,
                -0.47760088156361147
            ],
            "parent": "a3_pen_tip"
        },
        {
            "shape": [
                0.08,
                0.08,
                0.09
            ],
            "start_pos": [
                -0.8309612707325422,
                -0.2997379346909111,
                0.08815609273905556
            ],
            "start_quat": [
                0.4520079631770786,
                0.49094123640346615,
                -0.6660893665313714,
                0.33315230663614126
            ],
            "goal_pos": [
                -0.9710816241725038,
                -0.07812087674722001,
                0.095
            ],
            "goal_quat": [
                0.5246964224182197,
                0.0,
                0.0,
                0.8512894127742464
            ]
        }
    ]
}