{
    "objects": [
        {
            "shape": [
                0.18,
                0.2,
                0.17
            ],
            "start_pos": [
                -0.011645639256409705,
                -0.10337853138445664,
                0.07331915356528859
            ],
            "start_quat": [
                -0.04668179444634596,
                0.9483570859469772,
                0.31164824962647214,
                -0.03626315080330213
            ],
            "goal_pos": [
                0.9916579438667823,
                0.8801561924639504,
                0.135
            ],
            "goal_quat": [
                0.8785769163423662,
                -0.0,
                -0.0,
                -0.47760088156361147
            ],
            "parent": "a3_pen_tip"
        },
        {
            "shape": [
                0.08,
                0.08,
                0.09
            ],
            "start_pos": [
                -0.8086477908353724,
                -0.24073263639440223,
                0.07445232116493344
            ],
            "start_quat": [
                0.5128623302308841,
                0.4867477316789477,
                -0.5137914812287341,
                0.48586746109647116
            ],
            "goal_pos": [
                -0.9710816241725038,
                -0.07812087674722001,
                0.095
            ],
            "goal_quat": [
                0.5246964224182197,
                0.0,
                0.0,
                0.8512894127742464
            ]
        }
    ]
}