{
    "robots": [
        {
            "base_pos": [
                -0.5,
                -0.4,
                0.0
            ],
            "base_quat": [
                1.0,
                0.0,
                0.0,
                0.0
            ],
            "type": "ur5_vacuum",
            "start_pose": [
                2.0114654051182868,
                -0.18937371252743418,
                -1.8962999804535539,
                -0.2256738246481813,
                2.1635980865969024,
                1.2617912643299114
            ]
        },
        {
            "base_pos": [
                0.6,
                -0.4,
                0.0
            ],
            "base_quat": [
                0.0,
                0.0,
                0.0,
                1.0
            ],
            "type": "ur5_vacuum",
            "start_pose": [
                0.0,
                0.5000000000000004,
                -1.2,
                0.0,
                1.57,
                1.57
            ]
        },
        {
            "base_pos": [
                -0.5,
                0.4,
                0.0
            ],
            "base_quat": [
                1.0,
                0.0,
                0.0,
                0.0
            ],
            "type": "ur5_vacuum",
            "start_pose": [
                0.028704403102030217,
                -0.06913320679568422,
                -1.379381887335402,
                -0.109701923492268,
                1.654865602245557,
                -4.487430382155666
            ]
        },
        {
            "base_pos": [
                0.6,
                0.4,
                0.0
            ],
            "base_quat": [
                0.0,
                0.0,
                0.0,
                1.0
            ],
            "type": "ur5_vacuum",
            "start_pose": [
                -1.720759898048358,
                -0.19532600557567442,
                -1.747852920921793,
                0.28890136417336765,
                1.6163727831436843,
                2.6934602419838827
            ]
        }
    ]
}