{
    "objects": [
        {
            "shape": [
                0.18,
                0.2,
                0.17
            ],
            "start_pos": [
                -0.011652828940199263,
                -0.10331872366846871,
                0.07333498441063482
            ],
            "start_quat": [
                -0.046681794446345806,
                0.9483570859469772,
                0.31164824962647203,
                -0.03626315080330217
            ],
            "goal_pos": [
                0.9916579438667823,
                0.8801561924639504,
                0.135
            ],
            "goal_quat": [
                0.8785769163423662,
                -0.0,
                -0.0,
                -0.47760088156361147
            ],
            "parent": "a3_pen_tip"
        },
        {
            "shape": [
                0.08,
                0.08,
                0.09
            ],
            "start_pos": [
                -0.823638868258285,
                -0.2348750227091438,
                0.09438548380173353
            ],
            "start_quat": [
                0.6220397993220218,
                0.22721131589179822,
                -0.19538951290891057,
                0.7233701986088149
            ],
            "goal_pos": [
                -0.9710816241725038,
                -0.07812087674722001,
                0.095
            ],
            "goal_quat": [
                0.5246964224182197,
                0.0,
                0.0,
                0.8512894127742464
            ]
        }
    ]
}