{
    "objects": [
        {
            "shape": [
                0.18,
                0.2,
                0.17
            ],
            "start_pos": [
                0.038537556826243234,
                0.4345382352638917,
                0.11945084595666022
            ],
            "start_quat": [
                -0.3836891681850838,
                -0.00014337547791521733,
                1.1642090240596914e-05,
                -0.9234622902562792
            ],
            "goal_pos": [
                0.9916579438667823,
                0.8801561924639504,
                0.135
            ],
            "goal_quat": [
                0.8785769163423662,
                -0.0,
                -0.0,
                -0.47760088156361147
            ]
        },
        {
            "shape": [
                0.08,
                0.08,
                0.09
            ],
            "start_pos": [
                0.02464017451330076,
                -0.034561168737811565,
                0.045762500622953894
            ],
            "start_quat": [
                0.05705996688727607,
                0.8468852741633304,
                0.49609341206655105,
                -0.18281361844318564
            ],
            "goal_pos": [
                -0.9710816241725038,
                -0.07812087674722001,
                0.095
            ],
            "goal_quat": [
                0.5246964224182197,
                0.0,
                0.0,
                0.8512894127742464
            ],
            "parent": "a0_pen_tip"
        }
    ]
}