{
    "robots": [
        {
            "base_pos": [
                -0.5,
                -0.4,
                0.0
            ],
            "base_quat": [
                1.0,
                0.0,
                0.0,
                0.0
            ],
            "type": "ur5_vacuum",
            "start_pose": [
                1.8674039780942895,
                -0.18930504886168542,
                -1.8906811008509523,
                -0.2288536271986068,
                2.187375357612968,
                1.326297813981924
            ]
        },
        {
            "base_pos": [
                0.6,
                -0.4,
                0.0
            ],
            "base_quat": [
                0.0,
                0.0,
                0.0,
                1.0
            ],
            "type": "ur5_vacuum",
            "start_pose": [
                0.0,
                0.5000000000000004,
                -1.2,
                0.0,
                1.57,
                1.57
            ]
        },
        {
            "base_pos": [
                -0.5,
                0.4,
                0.0
            ],
            "base_quat": [
                1.0,
                0.0,
                0.0,
                0.0
            ],
            "type": "ur5_vacuum",
            "start_pose": [
                0.029908870332449298,
                -0.08419993802912604,
                -1.384237454881584,
                -0.11296693529226393,
                1.6570564654966145,
                -4.4816189225556675
            ]
        },
        {
            "base_pos": [
                0.6,
                0.4,
                0.0
            ],
            "base_quat": [
                0.0,
                0.0,
                0.0,
                1.0
            ],
            "type": "ur5_vacuum",
            "start_pose": [
                -1.5389718361961364,
                -0.1913037068864733,
                -1.7113726692897648,
                0.250639719770023,
                1.599937604031192,
                2.5968249376736092
            ]
        }
    ]
}