{
    "robots": [
        {
            "base_pos": [
                -0.5,
                -0.4,
                0.0
            ],
            "base_quat": [
                1.0,
                0.0,
                0.0,
                0.0
            ],
            "type": "ur5_vacuum",
            "start_pose": [
                0.8719317440684353,
                -0.545379715275411,
                -1.4768341159057083,
                0.17857233750205204,
                1.954859563336342,
                1.8632761230873065
            ]
        },
        {
            "base_pos": [
                0.6,
                -0.4,
                0.0
            ],
            "base_quat": [
                0.0,
                0.0,
                0.0,
                1.0
            ],
            "type": "ur5_vacuum",
            "start_pose": [
                0.0,
                0.5000000000000004,
                -1.2,
                0.0,
                1.57,
                1.57
            ]
        },
        {
            "base_pos": [
                -0.5,
                0.4,
                0.0
            ],
            "base_quat": [
                1.0,
                0.0,
                0.0,
                0.0
            ],
            "type": "ur5_vacuum",
            "start_pose": [
                0.03628447124276361,
                -0.15993653113959763,
                -1.4087222522620284,
                -0.12963991173492564,
                1.6680290805260793,
                -4.452525346789537
            ]
        },
        {
            "base_pos": [
                0.6,
                0.4,
                0.0
            ],
            "base_quat": [
                0.0,
                0.0,
                0.0,
                1.0
            ],
            "type": "ur5_vacuum",
            "start_pose": [
                -0.19693176387395975,
                -0.16160925065855578,
                -1.4420593919375295,
                -0.03182439216512985,
                1.478606321810145,
                1.8834204017982294
            ]
        }
    ]
}