{
    "objects": [
        {
            "shape": [
                0.18,
                0.2,
                0.17
            ],
            "start_pos": [
                0.2855512075478036,
                -0.45601385746987977,
                -0.13612490910153613
            ],
            "start_quat": [
                0.19814145401082844,
                0.717095330509092,
                -0.6638171576637366,
                -0.07655737949909548
            ],
            "goal_pos": [
                0.9916579438667823,
                0.8801561924639504,
                0.135
            ],
            "goal_quat": [
                0.8785769163423662,
                -0.0,
                -0.0,
                -0.47760088156361147
            ],
            "parent": "a0_pen_tip"
        },
        {
            "shape": [
                0.08,
                0.08,
                0.09
            ],
            "start_pos": [
                -0.4150027757931812,
                0.2082645791611462,
                0.07978047838677847
            ],
            "start_quat": [
                0.0008573282410440597,
                -0.21684535122810036,
                -0.9762055922807763,
                -1.5452724265612023e-05
            ],
            "goal_pos": [
                -0.9710816241725038,
                -0.07812087674722001,
                0.095
            ],
            "goal_quat": [
                0.5246964224182197,
                0.0,
                0.0,
                0.8512894127742464
            ]
        }
    ]
}