{
    "objects": [
        {
            "shape": [
                0.18,
                0.2,
                0.17
            ],
            "start_pos": [
                -0.011515695019076764,
                -0.10367337478555853,
                0.07323217107323277
            ],
            "start_quat": [
                -0.04668179444634558,
                0.9483570859469772,
                0.3116482496264721,
                -0.036263150803302086
            ],
            "goal_pos": [
                0.9916579438667823,
                0.8801561924639504,
                0.135
            ],
            "goal_quat": [
                0.8785769163423662,
                -0.0,
                -0.0,
                -0.47760088156361147
            ],
            "parent": "a3_pen_tip"
        },
        {
            "shape": [
                0.08,
                0.08,
                0.09
            ],
            "start_pos": [
                -0.7263859729290186,
                -0.011689913957662711,
                0.0746271147453252
            ],
            "start_quat": [
                0.7038995878962188,
                0.0639168704531961,
                -0.70452959592225,
                0.0638596296625154
            ],
            "goal_pos": [
                -0.9710816241725038,
                -0.07812087674722001,
                0.095
            ],
            "goal_quat": [
                0.5246964224182197,
                0.0,
                0.0,
                0.8512894127742464
            ]
        }
    ]
}