{
    "objects": [
        {
            "shape": [
                0.18,
                0.2,
                0.17
            ],
            "start_pos": [
                -0.01149926449195137,
                -0.10369377013984016,
                0.07322508132500188
            ],
            "start_quat": [
                -0.04668179444634567,
                0.9483570859469771,
                0.3116482496264723,
                -0.03626315080330222
            ],
            "goal_pos": [
                0.9916579438667823,
                0.8801561924639504,
                0.135
            ],
            "goal_quat": [
                0.8785769163423662,
                -0.0,
                -0.0,
                -0.47760088156361147
            ],
            "parent": "a3_pen_tip"
        },
        {
            "shape": [
                0.08,
                0.08,
                0.09
            ],
            "start_pos": [
                -0.8016304115520254,
                0.008844898413111108,
                0.08920423971704708
            ],
            "start_quat": [
                -0.1489538443283141,
                0.020672812359955314,
                -0.9886231015627857,
                -0.003122522269838564
            ],
            "goal_pos": [
                -0.9710816241725038,
                -0.07812087674722001,
                0.095
            ],
            "goal_quat": [
                0.5246964224182197,
                0.0,
                0.0,
                0.8512894127742464
            ]
        }
    ]
}