{
    "objects": [
        {
            "shape": [
                0.18,
                0.2,
                0.17
            ],
            "start_pos": [
                -0.013407960859789902,
                0.573903604710781,
                0.1349999999999999
            ],
            "start_quat": [
                0.7737117923273013,
                0.0,
                0.0,
                0.6335377355877667
            ],
            "goal_pos": [
                0.9916579438667823,
                0.8801561924639504,
                0.135
            ],
            "goal_quat": [
                0.8785769163423662,
                -0.0,
                -0.0,
                -0.47760088156361147
            ]
        },
        {
            "shape": [
                0.08,
                0.08,
                0.09
            ],
            "start_pos": [
                0.17089538746254448,
                -0.1288694998746199,
                0.07968032069101848
            ],
            "start_quat": [
                0.8319990650237634,
                -0.0003337072767038628,
                2.5765052777415293e-05,
                -0.5547769315456423
            ],
            "goal_pos": [
                -0.9710816241725038,
                -0.07812087674722001,
                0.095
            ],
            "goal_quat": [
                0.5246964224182197,
                0.0,
                0.0,
                0.8512894127742464
            ]
        }
    ]
}