{
    "robots": [
        {
            "base_pos": [
                -0.5,
                -0.4,
                0.0
            ],
            "base_quat": [
                1.0,
                0.0,
                0.0,
                0.0
            ],
            "type": "ur5_vacuum",
            "start_pose": [
                0.2750868222114373,
                -0.2127331761926002,
                -1.2929957584661722,
                0.18531726188964673,
                1.7800119810666053,
                1.8877358829541335
            ]
        },
        {
            "base_pos": [
                0.6,
                -0.4,
                0.0
            ],
            "base_quat": [
                0.0,
                0.0,
                0.0,
                1.0
            ],
            "type": "ur5_vacuum",
            "start_pose": [
                0.0,
                0.5000000000000004,
                -1.2,
                0.0,
                1.57,
                1.57
            ]
        },
        {
            "base_pos": [
                -0.5,
                0.4,
                0.0
            ],
            "base_quat": [
                1.0,
                0.0,
                0.0,
                0.0
            ],
            "type": "ur5_vacuum",
            "start_pose": [
                0.05982551849997643,
                -0.15353321118914984,
                -1.4465115897225604,
                -0.10280654109689404,
                1.6687985377360557,
                -4.385673147236725
            ]
        },
        {
            "base_pos": [
                0.6,
                0.4,
                0.0
            ],
            "base_quat": [
                0.0,
                0.0,
                0.0,
                1.0
            ],
            "type": "ur5_vacuum",
            "start_pose": [
                0.042391696159321715,
                -0.12859086706021752,
                -1.3854901920157086,
                -0.07910484673891784,
                1.4615758194426294,
                1.7473961249595238
            ]
        }
    ]
}