{
    "objects": [
        {
            "shape": [
                0.18,
                0.2,
                0.17
            ],
            "start_pos": [
                0.8990707707607261,
                1.0623985465948569,
                0.11970112543633378
            ],
            "start_quat": [
                -0.8761336526805125,
                0.00016890407689766762,
                0.0003437961403647049,
                0.48206812372975694
            ],
            "goal_pos": [
                0.9916579438667823,
                0.8801561924639504,
                0.135
            ],
            "goal_quat": [
                0.8785769163423662,
                -0.0,
                -0.0,
                -0.47760088156361147
            ]
        },
        {
            "shape": [
                0.08,
                0.08,
                0.09
            ],
            "start_pos": [
                0.025215721885644075,
                -0.03451558264666743,
                0.045672711958278406
            ],
            "start_quat": [
                0.05705632593733956,
                0.8468870256327173,
                0.49608964058547667,
                -0.18281687555932538
            ],
            "goal_pos": [
                -0.9710816241725038,
                -0.07812087674722001,
                0.095
            ],
            "goal_quat": [
                0.5246964224182197,
                0.0,
                0.0,
                0.8512894127742464
            ],
            "parent": "a0_pen_tip"
        }
    ]
}