{
    "robots": [
        {
            "base_pos": [
                -0.5,
                -0.4,
                0.0
            ],
            "base_quat": [
                1.0,
                0.0,
                0.0,
                0.0
            ],
            "type": "ur5_vacuum",
            "start_pose": [
                1.8200166137285851,
                -0.20670478052509367,
                -1.8705152890486314,
                -0.20895793969373067,
                2.1758177218500787,
                1.351969233241693
            ]
        },
        {
            "base_pos": [
                0.6,
                -0.4,
                0.0
            ],
            "base_quat": [
                0.0,
                0.0,
                0.0,
                1.0
            ],
            "type": "ur5_vacuum",
            "start_pose": [
                0.0,
                0.5000000000000004,
                -1.2,
                0.0,
                1.57,
                1.57
            ]
        },
        {
            "base_pos": [
                -0.5,
                0.4,
                0.0
            ],
            "base_quat": [
                1.0,
                0.0,
                0.0,
                0.0
            ],
            "type": "ur5_vacuum",
            "start_pose": [
                0.03030100800854101,
                -0.08904730290154696,
                -1.3858007307049203,
                -0.11402113292031044,
                1.6577607430758785,
                -4.479750940425849
            ]
        },
        {
            "base_pos": [
                0.6,
                0.4,
                0.0
            ],
            "base_quat": [
                0.0,
                0.0,
                0.0,
                1.0
            ],
            "type": "ur5_vacuum",
            "start_pose": [
                -1.4750929696819803,
                -0.18989030285608172,
                -1.6985538025024407,
                0.23719488751705423,
                1.59416241814538,
                2.562868068074132
            ]
        }
    ]
}