{
    "robots": [
        {
            "base_pos": [
                -0.5,
                -0.4,
                0.0
            ],
            "base_quat": [
                1.0,
                0.0,
                0.0,
                0.0
            ],
            "type": "ur5_vacuum",
            "start_pose": [
                0.4435285713808878,
                -0.6491555006587145,
                -1.3499391707916137,
                0.2987911981668734,
                1.9086069977378857,
                2.0822925548320765
            ]
        },
        {
            "base_pos": [
                0.6,
                -0.4,
                0.0
            ],
            "base_quat": [
                0.0,
                0.0,
                0.0,
                1.0
            ],
            "type": "ur5_vacuum",
            "start_pose": [
                0.0,
                0.5000000000000004,
                -1.2,
                0.0,
                1.57,
                1.57
            ]
        },
        {
            "base_pos": [
                -0.5,
                0.4,
                0.0
            ],
            "base_quat": [
                1.0,
                0.0,
                0.0,
                0.0
            ],
            "type": "ur5_vacuum",
            "start_pose": [
                0.03742470546656477,
                -0.1671332931195903,
                -1.4118965384667168,
                -0.1307087595408951,
                1.6691042870046457,
                -4.448307362832116
            ]
        },
        {
            "base_pos": [
                0.6,
                0.4,
                0.0
            ],
            "base_quat": [
                0.0,
                0.0,
                0.0,
                1.0
            ],
            "type": "ur5_vacuum",
            "start_pose": [
                0.0442189776387086,
                -0.1556882533773999,
                -1.3934862608732492,
                -0.0825149842840677,
                1.4569016530496248,
                1.7550431481661266
            ]
        }
    ]
}