{
    "objects": [
        {
            "shape": [
                0.18,
                0.2,
                0.17
            ],
            "start_pos": [
                1.0504001654934414,
                0.8572727136114823,
                0.11970187234714902
            ],
            "start_quat": [
                -0.8293059700301992,
                0.0003460987440705124,
                0.00015272943418565994,
                0.5587946536623725
            ],
            "goal_pos": [
                0.9916579438667823,
                0.8801561924639504,
                0.135
            ],
            "goal_quat": [
                0.8785769163423662,
                -0.0,
                -0.0,
                -0.47760088156361147
            ]
        },
        {
            "shape": [
                0.08,
                0.08,
                0.09
            ],
            "start_pos": [
                0.02528985162266745,
                -0.03450760715363938,
                0.04564419456992605
            ],
            "start_quat": [
                0.05705632593733954,
                0.8468870256327172,
                0.49608964058547705,
                -0.18281687555932521
            ],
            "goal_pos": [
                -0.9710816241725038,
                -0.07812087674722001,
                0.095
            ],
            "goal_quat": [
                0.5246964224182197,
                0.0,
                0.0,
                0.8512894127742464
            ],
            "parent": "a0_pen_tip"
        }
    ]
}