{
    "objects": [
        {
            "shape": [
                0.18,
                0.2,
                0.17
            ],
            "start_pos": [
                0.03917809433750346,
                0.43689100415439613,
                0.11945337458778935
            ],
            "start_quat": [
                -0.3874366445254982,
                -2.3042221458534678e-05,
                8.825717509659139e-05,
                -0.9218963272291245
            ],
            "goal_pos": [
                0.9916579438667823,
                0.8801561924639504,
                0.135
            ],
            "goal_quat": [
                0.8785769163423662,
                -0.0,
                -0.0,
                -0.47760088156361147
            ]
        },
        {
            "shape": [
                0.08,
                0.08,
                0.09
            ],
            "start_pos": [
                0.024639993755490253,
                -0.03456069136717112,
                0.04575835225682445
            ],
            "start_quat": [
                0.057057955874995174,
                0.8468853595373035,
                0.4960928559344938,
                -0.18281535975813568
            ],
            "goal_pos": [
                -0.9710816241725038,
                -0.07812087674722001,
                0.095
            ],
            "goal_quat": [
                0.5246964224182197,
                0.0,
                0.0,
                0.8512894127742464
            ],
            "parent": "a0_pen_tip"
        }
    ]
}