{
    "objects": [
        {
            "shape": [
                0.18,
                0.2,
                0.17
            ],
            "start_pos": [
                0.06263139197909222,
                0.7339725420936611,
                0.11945246500312566
            ],
            "start_quat": [
                -0.7347604522061346,
                0.00020765135431731653,
                -0.0001902743104649523,
                -0.6783266164248882
            ],
            "goal_pos": [
                0.9916579438667823,
                0.8801561924639504,
                0.135
            ],
            "goal_quat": [
                0.8785769163423662,
                -0.0,
                -0.0,
                -0.47760088156361147
            ]
        },
        {
            "shape": [
                0.08,
                0.08,
                0.09
            ],
            "start_pos": [
                0.02476556557800329,
                -0.034611567250975445,
                0.04574363929122116
            ],
            "start_quat": [
                0.05705632593733943,
                0.8468870256327173,
                0.49608964058547667,
                -0.18281687555932538
            ],
            "goal_pos": [
                -0.9710816241725038,
                -0.07812087674722001,
                0.095
            ],
            "goal_quat": [
                0.5246964224182197,
                0.0,
                0.0,
                0.8512894127742464
            ],
            "parent": "a0_pen_tip"
        }
    ]
}