{
    "robots": [
        {
            "base_pos": [
                -0.5,
                -0.4,
                0.0
            ],
            "base_quat": [
                1.0,
                0.0,
                0.0,
                0.0
            ],
            "type": "ur5_vacuum",
            "start_pose": [
                0.7769319604396454,
                -0.5739660462569951,
                -1.4429258675700671,
                0.2114413972439877,
                1.9385406629732689,
                1.9132046313736755
            ]
        },
        {
            "base_pos": [
                0.6,
                -0.4,
                0.0
            ],
            "base_quat": [
                0.0,
                0.0,
                0.0,
                1.0
            ],
            "type": "ur5_vacuum",
            "start_pose": [
                0.0,
                0.5000000000000004,
                -1.2,
                0.0,
                1.57,
                1.57
            ]
        },
        {
            "base_pos": [
                -0.5,
                0.4,
                0.0
            ],
            "base_quat": [
                1.0,
                0.0,
                0.0,
                0.0
            ],
            "type": "ur5_vacuum",
            "start_pose": [
                0.03657840175837685,
                -0.16328228391069388,
                -1.4098068462871338,
                -0.13038642840642106,
                1.6685122674040207,
                -4.451244661317789
            ]
        },
        {
            "base_pos": [
                0.6,
                0.4,
                0.0
            ],
            "base_quat": [
                0.0,
                0.0,
                0.0,
                1.0
            ],
            "type": "ur5_vacuum",
            "start_pose": [
                -0.10608005441989071,
                -0.15959902996964417,
                -1.4238277728715023,
                -0.050946269016819395,
                1.4703926188040286,
                1.835125262275681
            ]
        }
    ]
}