{
    "objects": [
        {
            "shape": [
                0.18,
                0.2,
                0.17
            ],
            "start_pos": [
                0.9916675943760569,
                0.8801556634489446,
                0.11977815112833495
            ],
            "start_quat": [
                -0.8785749437379128,
                8.730405855033772e-09,
                -2.2920164851007908e-09,
                0.47760451027594175
            ],
            "goal_pos": [
                0.9916579438667823,
                0.8801561924639504,
                0.135
            ],
            "goal_quat": [
                0.8785769163423662,
                -0.0,
                -0.0,
                -0.47760088156361147
            ]
        },
        {
            "shape": [
                0.08,
                0.08,
                0.09
            ],
            "start_pos": [
                0.05464658391839907,
                -0.10051526387264668,
                0.08734752146787234
            ],
            "start_quat": [
                0.027304782145492534,
                0.8622521570366242,
                0.48745070927530443,
                -0.1347867670978079
            ],
            "goal_pos": [
                -0.9710816241725038,
                -0.07812087674722001,
                0.095
            ],
            "goal_quat": [
                0.5246964224182197,
                0.0,
                0.0,
                0.8512894127742464
            ],
            "parent": "a0_pen_tip"
        }
    ]
}