{
    "objects": [
        {
            "shape": [
                0.18,
                0.2,
                0.17
            ],
            "start_pos": [
                1.032054371872975,
                0.8508818933136367,
                0.11968274303286697
            ],
            "start_quat": [
                -0.8632896992914979,
                0.00014797486110299386,
                -0.0003398732505812358,
                0.5047085868962503
            ],
            "goal_pos": [
                0.9916579438667823,
                0.8801561924639504,
                0.135
            ],
            "goal_quat": [
                0.8785769163423662,
                -0.0,
                -0.0,
                -0.47760088156361147
            ]
        },
        {
            "shape": [
                0.08,
                0.08,
                0.09
            ],
            "start_pos": [
                0.025285054027590938,
                -0.03454820323982805,
                0.0456398065229123
            ],
            "start_quat": [
                0.05705632593733947,
                0.8468870256327171,
                0.4960896405854768,
                -0.18281687555932533
            ],
            "goal_pos": [
                -0.9710816241725038,
                -0.07812087674722001,
                0.095
            ],
            "goal_quat": [
                0.5246964224182197,
                0.0,
                0.0,
                0.8512894127742464
            ],
            "parent": "a0_pen_tip"
        }
    ]
}