{
    "robots": [
        {
            "base_pos": [
                -0.5,
                -0.4,
                0.0
            ],
            "base_quat": [
                1.0,
                0.0,
                0.0,
                0.0
            ],
            "type": "ur5_vacuum",
            "start_pose": [
                2.351433242797748,
                -0.29479231138093337,
                -1.7989532144474691,
                -0.09197261132318882,
                1.9904977564993018,
                1.1364220552065905
            ]
        },
        {
            "base_pos": [
                0.6,
                -0.4,
                0.0
            ],
            "base_quat": [
                0.0,
                0.0,
                0.0,
                1.0
            ],
            "type": "ur5_vacuum",
            "start_pose": [
                0.0,
                0.5000000000000004,
                -1.2,
                0.0,
                1.57,
                1.57
            ]
        },
        {
            "base_pos": [
                -0.5,
                0.4,
                0.0
            ],
            "base_quat": [
                1.0,
                0.0,
                0.0,
                0.0
            ],
            "type": "ur5_vacuum",
            "start_pose": [
                0.025781805878539066,
                -0.0313390672840748,
                -1.3672256553538062,
                -0.10159195951068531,
                1.6493575386363255,
                -4.5020447820005565
            ]
        },
        {
            "base_pos": [
                0.6,
                0.4,
                0.0
            ],
            "base_quat": [
                0.0,
                0.0,
                0.0,
                1.0
            ],
            "type": "ur5_vacuum",
            "start_pose": [
                -2.0467404525862856,
                -0.20253874570020028,
                -1.813268958271364,
                0.3575117961950749,
                1.6458442312059436,
                2.86674572592157
            ]
        }
    ]
}