{
    "robots": [
        {
            "base_pos": [
                -0.5,
                -0.4,
                0.0
            ],
            "base_quat": [
                1.0,
                0.0,
                0.0,
                0.0
            ],
            "type": "ur5_vacuum",
            "start_pose": [
                0.6819321768108573,
                -0.6025523772385775,
                -1.409017619234426,
                0.24431045698592513,
                1.9222217626101958,
                1.9631331396600444
            ]
        },
        {
            "base_pos": [
                0.6,
                -0.4,
                0.0
            ],
            "base_quat": [
                0.0,
                0.0,
                0.0,
                1.0
            ],
            "type": "ur5_vacuum",
            "start_pose": [
                0.0,
                0.5000000000000004,
                -1.2,
                0.0,
                1.57,
                1.57
            ]
        },
        {
            "base_pos": [
                -0.5,
                0.4,
                0.0
            ],
            "base_quat": [
                1.0,
                0.0,
                0.0,
                0.0
            ],
            "type": "ur5_vacuum",
            "start_pose": [
                0.03679132729312896,
                -0.16570008024369362,
                -1.4105907486301317,
                -0.13092631622044582,
                1.6688613757193738,
                -4.450319370616864
            ]
        },
        {
            "base_pos": [
                0.6,
                0.4,
                0.0
            ],
            "base_quat": [
                0.0,
                0.0,
                0.0,
                1.0
            ],
            "type": "ur5_vacuum",
            "start_pose": [
                -0.03240551969112103,
                -0.157968877940854,
                -1.4090431748031025,
                -0.06645280454884507,
                1.4637318684409064,
                1.795961201334492
            ]
        }
    ]
}