{
    "objects": [
        {
            "shape": [
                0.18,
                0.2,
                0.17
            ],
            "start_pos": [
                0.04306431067247077,
                0.6439273889273196,
                0.11944647659019413
            ],
            "start_quat": [
                -0.6404902454436205,
                9.734901949221019e-05,
                -0.0001423046080823208,
                -0.7679662855647627
            ],
            "goal_pos": [
                0.9916579438667823,
                0.8801561924639504,
                0.135
            ],
            "goal_quat": [
                0.8785769163423662,
                -0.0,
                -0.0,
                -0.47760088156361147
            ]
        },
        {
            "shape": [
                0.08,
                0.08,
                0.09
            ],
            "start_pos": [
                0.0247222427722414,
                -0.03460227898206218,
                0.0457458109420478
            ],
            "start_quat": [
                0.05705632593733952,
                0.8468870256327171,
                0.4960896405854769,
                -0.18281687555932524
            ],
            "goal_pos": [
                -0.9710816241725038,
                -0.07812087674722001,
                0.095
            ],
            "goal_quat": [
                0.5246964224182197,
                0.0,
                0.0,
                0.8512894127742464
            ],
            "parent": "a0_pen_tip"
        }
    ]
}