{
    "objects": [
        {
            "shape": [
                0.18,
                0.2,
                0.17
            ],
            "start_pos": [
                0.9916676024132731,
                0.8801556720105751,
                0.11972883887176336
            ],
            "start_quat": [
                -0.8785749437379107,
                7.509978022796728e-08,
                -1.9656116190431394e-08,
                0.47760451027594064
            ],
            "goal_pos": [
                0.9916579438667823,
                0.8801561924639504,
                0.135
            ],
            "goal_quat": [
                0.8785769163423662,
                -0.0,
                -0.0,
                -0.47760088156361147
            ]
        },
        {
            "shape": [
                0.08,
                0.08,
                0.09
            ],
            "start_pos": [
                -0.9413788287518681,
                -0.0753751089199171,
                0.10449213400903123
            ],
            "start_quat": [
                0.5574489744946652,
                -0.023097056436571835,
                0.018779524433935924,
                0.8296773446833697
            ],
            "goal_pos": [
                -0.9710816241725038,
                -0.07812087674722001,
                0.095
            ],
            "goal_quat": [
                0.5246964224182197,
                0.0,
                0.0,
                0.8512894127742464
            ]
        }
    ]
}