{
    "robots": [
        {
            "base_pos": [
                -0.5,
                -0.4,
                0.0
            ],
            "base_quat": [
                1.0,
                0.0,
                0.0,
                0.0
            ],
            "type": "ur5_vacuum",
            "start_pose": [
                1.5356924275343626,
                -0.3111031705055449,
                -1.7495204182347042,
                -0.08958381466447918,
                2.1064719072727396,
                1.5059977488003025
            ]
        },
        {
            "base_pos": [
                0.6,
                -0.4,
                0.0
            ],
            "base_quat": [
                0.0,
                0.0,
                0.0,
                1.0
            ],
            "type": "ur5_vacuum",
            "start_pose": [
                0.0,
                0.5000000000000004,
                -1.2,
                0.0,
                1.57,
                1.57
            ]
        },
        {
            "base_pos": [
                -0.5,
                0.4,
                0.0
            ],
            "base_quat": [
                1.0,
                0.0,
                0.0,
                0.0
            ],
            "type": "ur5_vacuum",
            "start_pose": [
                0.03252335102025786,
                -0.11602142817649529,
                -1.3945095478528784,
                -0.11992006775479049,
                1.6616747886136543,
                -4.469371106140786
            ]
        },
        {
            "base_pos": [
                0.6,
                0.4,
                0.0
            ],
            "base_quat": [
                0.0,
                0.0,
                0.0,
                1.0
            ],
            "type": "ur5_vacuum",
            "start_pose": [
                -1.0730035998544798,
                -0.18099353993395179,
                -1.6178646850878662,
                0.15256561183900558,
                1.5578102110947762,
                2.3491245208706037
            ]
        }
    ]
}