{
    "objects": [
        {
            "shape": [
                0.18,
                0.2,
                0.17
            ],
            "start_pos": [
                0.6981266100637493,
                1.1801908048659586,
                0.11964016387938885
            ],
            "start_quat": [
                -0.9963746100466748,
                -0.0003361580362706948,
                0.0002474914300506184,
                0.08507327547533405
            ],
            "goal_pos": [
                0.9916579438667823,
                0.8801561924639504,
                0.135
            ],
            "goal_quat": [
                0.8785769163423662,
                -0.0,
                -0.0,
                -0.47760088156361147
            ]
        },
        {
            "shape": [
                0.08,
                0.08,
                0.09
            ],
            "start_pos": [
                0.025110152734018117,
                -0.03457000285380674,
                0.045700293405348535
            ],
            "start_quat": [
                0.05705632593733942,
                0.8468870256327171,
                0.4960896405854769,
                -0.18281687555932533
            ],
            "goal_pos": [
                -0.9710816241725038,
                -0.07812087674722001,
                0.095
            ],
            "goal_quat": [
                0.5246964224182197,
                0.0,
                0.0,
                0.8512894127742464
            ],
            "parent": "a0_pen_tip"
        }
    ]
}