{
    "objects": [
        {
            "shape": [
                0.18,
                0.2,
                0.17
            ],
            "start_pos": [
                -0.01142820241302469,
                -0.10376679352037198,
                0.07319737413988714
            ],
            "start_quat": [
                -0.04668179444634572,
                0.9483570859469772,
                0.31164824962647214,
                -0.03626315080330215
            ],
            "goal_pos": [
                0.9916579438667823,
                0.8801561924639504,
                0.135
            ],
            "goal_quat": [
                0.8785769163423662,
                -0.0,
                -0.0,
                -0.47760088156361147
            ],
            "parent": "a3_pen_tip"
        },
        {
            "shape": [
                0.08,
                0.08,
                0.09
            ],
            "start_pos": [
                -0.595182464959853,
                0.1401882352112722,
                0.08731381349899743
            ],
            "start_quat": [
                0.5733294421593662,
                -0.019328489014273226,
                -0.8189862483495529,
                -0.01346422221965155
            ],
            "goal_pos": [
                -0.9710816241725038,
                -0.07812087674722001,
                0.095
            ],
            "goal_quat": [
                0.5246964224182197,
                0.0,
                0.0,
                0.8512894127742464
            ]
        }
    ]
}