{
    "robots": [
        {
            "base_pos": [
                -0.5,
                -0.4,
                0.0
            ],
            "base_quat": [
                1.0,
                0.0,
                0.0,
                0.0
            ],
            "type": "ur5_vacuum",
            "start_pose": [
                1.1565935126087314,
                -0.4503010238128127,
                -1.5881939238161342,
                0.06958168537452103,
                2.01401082116962,
                1.7113691028784466
            ]
        },
        {
            "base_pos": [
                0.6,
                -0.4,
                0.0
            ],
            "base_quat": [
                0.0,
                0.0,
                0.0,
                1.0
            ],
            "type": "ur5_vacuum",
            "start_pose": [
                0.0,
                0.5000000000000004,
                -1.2,
                0.0,
                1.57,
                1.57
            ]
        },
        {
            "base_pos": [
                -0.5,
                0.4,
                0.0
            ],
            "base_quat": [
                1.0,
                0.0,
                0.0,
                0.0
            ],
            "type": "ur5_vacuum",
            "start_pose": [
                0.034988396772139566,
                -0.14503662914931711,
                -1.4038952453377607,
                -0.12632586915898467,
                1.6658756466004738,
                -4.458233513842945
            ]
        },
        {
            "base_pos": [
                0.6,
                0.4,
                0.0
            ],
            "base_quat": [
                0.0,
                0.0,
                0.0,
                1.0
            ],
            "type": "ur5_vacuum",
            "start_pose": [
                -0.5390479359969356,
                -0.16917904435714917,
                -1.5107133811505051,
                0.04018201099531624,
                1.5095363181050867,
                2.065283230516494
            ]
        }
    ]
}