{
    "objects": [
        {
            "shape": [
                0.18,
                0.2,
                0.17
            ],
            "start_pos": [
                -0.01165294175845926,
                -0.10322910513517274,
                0.0733583566064003
            ],
            "start_quat": [
                -0.046681794446345855,
                0.9483570859469772,
                0.311648249626472,
                -0.03626315080330218
            ],
            "goal_pos": [
                0.9916579438667823,
                0.8801561924639504,
                0.135
            ],
            "goal_quat": [
                0.8785769163423662,
                -0.0,
                -0.0,
                -0.47760088156361147
            ],
            "parent": "a3_pen_tip"
        },
        {
            "shape": [
                0.08,
                0.08,
                0.09
            ],
            "start_pos": [
                -1.0555038042070983,
                -0.060459025643306394,
                0.07958335987970494
            ],
            "start_quat": [
                -0.21335152491599613,
                -6.347280170481877e-05,
                0.00028659014211674077,
                0.9769754555019856
            ],
            "goal_pos": [
                -0.9710816241725038,
                -0.07812087674722001,
                0.095
            ],
            "goal_quat": [
                0.5246964224182197,
                0.0,
                0.0,
                0.8512894127742464
            ]
        }
    ]
}