{
    "robots": [
        {
            "base_pos": [
                -0.5,
                -0.4,
                0.0
            ],
            "base_quat": [
                1.0,
                0.0,
                0.0,
                0.0
            ],
            "type": "ur5_vacuum",
            "start_pose": [
                0.3504616060800555,
                -0.4080246520798409,
                -1.3184769489293242,
                0.23609488583402152,
                1.8375560337032577,
                1.9747966505387506
            ]
        },
        {
            "base_pos": [
                0.6,
                -0.4,
                0.0
            ],
            "base_quat": [
                0.0,
                0.0,
                0.0,
                1.0
            ],
            "type": "ur5_vacuum",
            "start_pose": [
                0.0,
                0.5000000000000004,
                -1.2,
                0.0,
                1.57,
                1.57
            ]
        },
        {
            "base_pos": [
                -0.5,
                0.4,
                0.0
            ],
            "base_quat": [
                1.0,
                0.0,
                0.0,
                0.0
            ],
            "type": "ur5_vacuum",
            "start_pose": [
                0.049175955560039106,
                -0.15999881998122373,
                -1.4300552569043452,
                -0.11607152909624892,
                1.668943892771456,
                -4.415450056343835
            ]
        },
        {
            "base_pos": [
                0.6,
                0.4,
                0.0
            ],
            "base_quat": [
                0.0,
                0.0,
                0.0,
                1.0
            ],
            "type": "ur5_vacuum",
            "start_pose": [
                0.043260405760735435,
                -0.14147322441068075,
                -1.389291601009997,
                -0.08072605758167258,
                1.4593536792994382,
                1.7510315964186514
            ]
        }
    ]
}