{
    "robots": [
        {
            "base_pos": [
                -0.5,
                -0.4,
                0.0
            ],
            "base_quat": [
                1.0,
                0.0,
                0.0,
                0.0
            ],
            "type": "ur5_vacuum",
            "start_pose": [
                1.0144314195116202,
                -0.5025002188030374,
                -1.5276964884091706,
                0.12926874788914766,
                1.9793379138809506,
                1.7883833606577522
            ]
        },
        {
            "base_pos": [
                0.6,
                -0.4,
                0.0
            ],
            "base_quat": [
                0.0,
                0.0,
                0.0,
                1.0
            ],
            "type": "ur5_vacuum",
            "start_pose": [
                0.0,
                0.5000000000000004,
                -1.2,
                0.0,
                1.57,
                1.57
            ]
        },
        {
            "base_pos": [
                -0.5,
                0.4,
                0.0
            ],
            "base_quat": [
                1.0,
                0.0,
                0.0,
                0.0
            ],
            "type": "ur5_vacuum",
            "start_pose": [
                0.03570779188718951,
                -0.1533368481050161,
                -1.4065835784328333,
                -0.12816989451606603,
                1.667075576682076,
                -4.455052725858653
            ]
        },
        {
            "base_pos": [
                0.6,
                0.4,
                0.0
            ],
            "base_quat": [
                0.0,
                0.0,
                0.0,
                1.0
            ],
            "type": "ur5_vacuum",
            "start_pose": [
                -0.3575766172831343,
                -0.16516374101885906,
                -1.474296715126142,
                0.001987096065479778,
                1.4931298763352114,
                1.968816326849524
            ]
        }
    ]
}