{
    "objects": [
        {
            "shape": [
                0.18,
                0.2,
                0.17
            ],
            "start_pos": [
                -0.013407960859789902,
                0.573903604710781,
                0.1349999999999999
            ],
            "start_quat": [
                0.7737117923273013,
                0.0,
                0.0,
                0.6335377355877667
            ],
            "goal_pos": [
                0.9916579438667823,
                0.8801561924639504,
                0.135
            ],
            "goal_quat": [
                0.8785769163423662,
                -0.0,
                -0.0,
                -0.47760088156361147
            ]
        },
        {
            "shape": [
                0.08,
                0.08,
                0.09
            ],
            "start_pos": [
                0.1510839061229752,
                -0.13240784294267824,
                0.0795831690534323
            ],
            "start_quat": [
                0.8119484478377592,
                0.0017026077998171776,
                0.0023068839659320054,
                -0.5837221063716023
            ],
            "goal_pos": [
                -0.9710816241725038,
                -0.07812087674722001,
                0.095
            ],
            "goal_quat": [
                0.5246964224182197,
                0.0,
                0.0,
                0.8512894127742464
            ]
        }
    ]
}