{
    "objects": [
        {
            "shape": [
                0.18,
                0.2,
                0.17
            ],
            "start_pos": [
                -0.011573417887209635,
                -0.10358546067450783,
                0.07326054671200552
            ],
            "start_quat": [
                -0.04668179444634598,
                0.9483570859469772,
                0.31164824962647225,
                -0.03626315080330203
            ],
            "goal_pos": [
                0.9916579438667823,
                0.8801561924639504,
                0.135
            ],
            "goal_quat": [
                0.8785769163423662,
                -0.0,
                -0.0,
                -0.47760088156361147
            ],
            "parent": "a3_pen_tip"
        },
        {
            "shape": [
                0.08,
                0.08,
                0.09
            ],
            "start_pos": [
                -0.8157711639448911,
                -0.1409997628227429,
                0.09008276454844161
            ],
            "start_quat": [
                0.4863405650659073,
                0.34041765766919,
                -0.7759186677853102,
                0.21339843978030074
            ],
            "goal_pos": [
                -0.9710816241725038,
                -0.07812087674722001,
                0.095
            ],
            "goal_quat": [
                0.5246964224182197,
                0.0,
                0.0,
                0.8512894127742464
            ]
        }
    ]
}