{
    "objects": [
        {
            "shape": [
                0.18,
                0.2,
                0.17
            ],
            "start_pos": [
                0.8023201227429788,
                1.1444445342649643,
                0.11964330519630138
            ],
            "start_quat": [
                -0.9785456544659141,
                -5.962704788872654e-05,
                -0.000339887569095722,
                0.20602981106367152
            ],
            "goal_pos": [
                0.9916579438667823,
                0.8801561924639504,
                0.135
            ],
            "goal_quat": [
                0.8785769163423662,
                -0.0,
                -0.0,
                -0.47760088156361147
            ]
        },
        {
            "shape": [
                0.08,
                0.08,
                0.09
            ],
            "start_pos": [
                0.025165257155369433,
                -0.034544490140602374,
                0.04568704948233779
            ],
            "start_quat": [
                0.05705632593733939,
                0.8468870256327171,
                0.4960896405854769,
                -0.18281687555932516
            ],
            "goal_pos": [
                -0.9710816241725038,
                -0.07812087674722001,
                0.095
            ],
            "goal_quat": [
                0.5246964224182197,
                0.0,
                0.0,
                0.8512894127742464
            ],
            "parent": "a0_pen_tip"
        }
    ]
}