{
    "objects": [
        {
            "shape": [
                0.18,
                0.2,
                0.17
            ],
            "start_pos": [
                1.037069615182786,
                0.9162250985845202,
                0.11969226801763441
            ],
            "start_quat": [
                -0.7646009796844836,
                0.0003398729203738576,
                0.00027140411539923893,
                0.6445038034734403
            ],
            "goal_pos": [
                0.9916579438667823,
                0.8801561924639504,
                0.135
            ],
            "goal_quat": [
                0.8785769163423662,
                -0.0,
                -0.0,
                -0.47760088156361147
            ]
        },
        {
            "shape": [
                0.08,
                0.08,
                0.09
            ],
            "start_pos": [
                0.025266006003885268,
                -0.03449786376322281,
                0.04565494065198569
            ],
            "start_quat": [
                0.05705632593733954,
                0.8468870256327173,
                0.49608964058547667,
                -0.18281687555932505
            ],
            "goal_pos": [
                -0.9710816241725038,
                -0.07812087674722001,
                0.095
            ],
            "goal_quat": [
                0.5246964224182197,
                0.0,
                0.0,
                0.8512894127742464
            ],
            "parent": "a0_pen_tip"
        }
    ]
}