{
    "robots": [
        {
            "base_pos": [
                -0.5,
                -0.4,
                0.0
            ],
            "base_quat": [
                1.0,
                0.0,
                0.0,
                0.0
            ],
            "type": "ur5_vacuum",
            "start_pose": [
                2.302137931137481,
                -0.25968329561454395,
                -1.8338994162728763,
                -0.1351264368535527,
                2.037630190524695,
                1.149542213957913
            ]
        },
        {
            "base_pos": [
                0.6,
                -0.4,
                0.0
            ],
            "base_quat": [
                0.0,
                0.0,
                0.0,
                1.0
            ],
            "type": "ur5_vacuum",
            "start_pose": [
                0.0,
                0.5000000000000004,
                -1.2,
                0.0,
                1.57,
                1.57
            ]
        },
        {
            "base_pos": [
                -0.5,
                0.4,
                0.0
            ],
            "base_quat": [
                1.0,
                0.0,
                0.0,
                0.0
            ],
            "type": "ur5_vacuum",
            "start_pose": [
                0.026205615150762737,
                -0.03693767288752722,
                -1.3690242173110518,
                -0.1027859140103351,
                1.6501746168754763,
                -4.499876502065539
            ]
        },
        {
            "base_pos": [
                0.6,
                0.4,
                0.0
            ],
            "base_quat": [
                0.0,
                0.0,
                0.0,
                1.0
            ],
            "type": "ur5_vacuum",
            "start_pose": [
                -2.012209170640599,
                -0.20177469697664455,
                -1.806339404216407,
                0.3502438570411557,
                1.6427223028358564,
                2.8483895077729278
            ]
        }
    ]
}