{
    "objects": [
        {
            "shape": [
                0.18,
                0.2,
                0.17
            ],
            "start_pos": [
                -0.011653931766909091,
                -0.1032467188527964,
                0.07335377851669073
            ],
            "start_quat": [
                -0.04668179444634568,
                0.9483570859469772,
                0.311648249626472,
                -0.03626315080330209
            ],
            "goal_pos": [
                0.9916579438667823,
                0.8801561924639504,
                0.135
            ],
            "goal_quat": [
                0.8785769163423662,
                -0.0,
                -0.0,
                -0.47760088156361147
            ],
            "parent": "a3_pen_tip"
        },
        {
            "shape": [
                0.08,
                0.08,
                0.09
            ],
            "start_pos": [
                -0.9466717798735046,
                -0.05750837442204626,
                0.07975806403612724
            ],
            "start_quat": [
                0.26822430046493934,
                -0.00033612999959030783,
                7.404796859813351e-05,
                0.9633564273796149
            ],
            "goal_pos": [
                -0.9710816241725038,
                -0.07812087674722001,
                0.095
            ],
            "goal_quat": [
                0.5246964224182197,
                0.0,
                0.0,
                0.8512894127742464
            ]
        }
    ]
}