{
    "objects": [
        {
            "shape": [
                0.18,
                0.2,
                0.17
            ],
            "start_pos": [
                0.051640481853181285,
                0.5258837690233658,
                0.11944738489071062
            ],
            "start_quat": [
                -0.5568480379307403,
                -0.0001595877615029745,
                -6.46984282197475e-07,
                -0.8306143733309777
            ],
            "goal_pos": [
                0.9916579438667823,
                0.8801561924639504,
                0.135
            ],
            "goal_quat": [
                0.8785769163423662,
                -0.0,
                -0.0,
                -0.47760088156361147
            ]
        },
        {
            "shape": [
                0.08,
                0.08,
                0.09
            ],
            "start_pos": [
                0.172445654918438,
                -0.12634171451965698,
                0.11237666757933051
            ],
            "start_quat": [
                0.8314642179560173,
                -0.033918243895965504,
                -0.0011976361429182206,
                -0.5545406862056848
            ],
            "goal_pos": [
                -0.9710816241725038,
                -0.07812087674722001,
                0.095
            ],
            "goal_quat": [
                0.5246964224182197,
                0.0,
                0.0,
                0.8512894127742464
            ]
        }
    ]
}