{
    "robots": [
        {
            "base_pos": [
                -0.5,
                -0.4,
                0.0
            ],
            "base_quat": [
                1.0,
                0.0,
                0.0,
                0.0
            ],
            "type": "ur5_vacuum",
            "start_pose": [
                1.2039808769744358,
                -0.4329012921494044,
                -1.6083597356184551,
                0.04968599786964667,
                2.025568456932511,
                1.6856976836186792
            ]
        },
        {
            "base_pos": [
                0.6,
                -0.4,
                0.0
            ],
            "base_quat": [
                0.0,
                0.0,
                0.0,
                1.0
            ],
            "type": "ur5_vacuum",
            "start_pose": [
                0.0,
                0.5000000000000004,
                -1.2,
                0.0,
                1.57,
                1.57
            ]
        },
        {
            "base_pos": [
                -0.5,
                0.4,
                0.0
            ],
            "base_quat": [
                1.0,
                0.0,
                0.0,
                0.0
            ],
            "type": "ur5_vacuum",
            "start_pose": [
                0.03472051990978176,
                -0.14192686196247312,
                -1.4028884289712933,
                -0.12563632622906626,
                1.665425872393727,
                -4.459425843778532
            ]
        },
        {
            "base_pos": [
                0.6,
                0.4,
                0.0
            ],
            "base_quat": [
                0.0,
                0.0,
                0.0,
                1.0
            ],
            "type": "ur5_vacuum",
            "start_pose": [
                -0.6028382300136362,
                -0.17059049224157447,
                -1.523514467171051,
                0.05360818334737063,
                1.5153034680241229,
                2.0991930093868567
            ]
        }
    ]
}