{
    "objects": [
        {
            "shape": [
                0.18,
                0.2,
                0.17
            ],
            "start_pos": [
                0.34501572361207244,
                1.0883718456219855,
                0.11971374185413744
            ],
            "start_quat": [
                -0.9857629095620836,
                4.2378136530956394e-05,
                0.0003453952800238014,
                -0.1681409082819786
            ],
            "goal_pos": [
                0.9916579438667823,
                0.8801561924639504,
                0.135
            ],
            "goal_quat": [
                0.8785769163423662,
                -0.0,
                -0.0,
                -0.47760088156361147
            ]
        },
        {
            "shape": [
                0.08,
                0.08,
                0.09
            ],
            "start_pos": [
                0.024964808017110308,
                -0.0346120374486001,
                0.045725302084081015
            ],
            "start_quat": [
                0.05705632593733956,
                0.8468870256327173,
                0.4960896405854768,
                -0.18281687555932544
            ],
            "goal_pos": [
                -0.9710816241725038,
                -0.07812087674722001,
                0.095
            ],
            "goal_quat": [
                0.5246964224182197,
                0.0,
                0.0,
                0.8512894127742464
            ],
            "parent": "a0_pen_tip"
        }
    ]
}