{
    "objects": [
        {
            "shape": [
                0.18,
                0.2,
                0.17
            ],
            "start_pos": [
                0.17271411062482836,
                -0.4975519532996273,
                -0.09168620898431093
            ],
            "start_quat": [
                -0.1846492638733513,
                -0.623625461850599,
                0.758488635345988,
                0.04112083089672926
            ],
            "goal_pos": [
                0.9916579438667823,
                0.8801561924639504,
                0.135
            ],
            "goal_quat": [
                0.8785769163423662,
                -0.0,
                -0.0,
                -0.47760088156361147
            ],
            "parent": "a0_pen_tip"
        },
        {
            "shape": [
                0.08,
                0.08,
                0.09
            ],
            "start_pos": [
                -0.38867810149453114,
                0.20840889109302294,
                0.07958984344285493
            ],
            "start_quat": [
                -0.0017814784523851254,
                0.05386190202504551,
                -0.9985468004480046,
                -9.570695209927723e-05
            ],
            "goal_pos": [
                -0.9710816241725038,
                -0.07812087674722001,
                0.095
            ],
            "goal_quat": [
                0.5246964224182197,
                0.0,
                0.0,
                0.8512894127742464
            ]
        }
    ]
}