{"Objects":{"obj1":{"size":[0.18,0.2,0.17,0.01],"start":{"abs_pos":[0.6010997646574826,1.2494831891784077,0.6848923476943715],"abs_quat":[-0.9998405664072428,-3.512051292836855e-08,7.494804519713315e-08,0.017856140860697527],"pos":[0.6010997646574826,1.1994831891784077,0.13489234769437153],"quat":[-0.9998405664072428,-3.512051292836855e-08,7.494804519713315e-08,0.017856140860697527],"parent":"table"},"goal":{"pos":[0.9916579438667823,0.8801561924639504,0.135],"quat":[0.8785769163423662,-0.0,-0.0,-0.47760088156361147],"abs_pos":[0.9916579438667823,0.9301561924639504,0.6849999999999999],"abs_quat":[0.8785769163423662,-0.0,-0.0,-0.47760088156361147],"parent":"table"}},"obj2":{"size":[0.08,0.08,0.09,0.01],"start":{"abs_pos":[-0.4166349463249257,0.157095054190649,0.7382837597626277],"abs_quat":[-0.975124518977665,0.06144093695574221,-0.14623360228752208,-0.15483190019047324],"pos":[0.005899559166725618,-0.0475157953624573,0.024927482536613255],"quat":[0.04352592864170056,0.876928659124326,0.4416708741784182,-0.18446804396632296],"parent":"a0_pen_tip"},"goal":{"pos":[-0.9710816241725038,-0.07812087674722001,0.095],"quat":[0.5246964224182197,0.0,0.0,0.8512894127742464],"abs_pos":[-0.9710816241725038,-0.02812087674722001,0.6449999999999999],"abs_quat":[0.5246964224182197,0.0,0.0,0.8512894127742464],"parent":"table"}}},"Robots":{"a0_":{"base_pose":{"pos":[-0.5,-0.4,0.0],"quat":[1.0,0.0,0.0,0.0]},"parent":"table","initial_pose":[1.3935303344372514,-0.36330236549576944,-1.6890229828277405,-0.029896752149856053,2.07179899998407,1.5830120065796063],"home_pose":[0.0,0.5000000000000004,-1.2,0.0,1.57,1.57],"type":0,"end_effector_type":1},"a1_":{"base_pose":{"pos":[0.6,-0.4,0.0],"quat":[0.0,0.0,0.0,1.0]},"parent":"table","initial_pose":[0.0,0.5000000000000004,-1.2,0.0,1.57,1.57],"home_pose":[0.0,0.5000000000000004,-1.2,0.0,1.57,1.57],"type":0,"end_effector_type":1},"a2_":{"base_pose":{"pos":[-0.5,0.4,0.0],"quat":[1.0,0.0,0.0,0.0]},"parent":"table","initial_pose":[0.033527534449917816,-0.12795064218136945,-1.3983661220821924,-0.12254618924767226,1.6634030810799136,1.8184067204716206],"home_pose":[0.0,0.5000000000000004,-1.2,0.0,1.57,1.57],"type":0,"end_effector_type":1},"a3_":{"base_pose":{"pos":[0.6,0.4,0.0],"quat":[0.0,0.0,0.0,1.0]},"parent":"table","initial_pose":[-0.868392290459215,-0.17646623825057822,-1.5768044024872563,0.10950031201584173,1.5393116855442437,2.2403568009124797],"home_pose":[0.0,0.5000000000000004,-1.2,0.0,1.57,1.57],"type":0,"end_effector_type":1}},"Obstacles":{"World":{"pose":{"pos":[0.0,0.0,0.0],"quat":[1.0,0.0,0.0,0.0],"abs_pos":[0.0,0.0,0.0],"abs_quat":[1.0,0.0,0.0,0.0]}},"table_base":{"size":[0.03],"shape":"marker","contact":0,"pose":{"pos":[0.0,0.0,0.6],"quat":[1.0,0.0,0.0,0.0],"parent":"World","abs_pos":[0.0,0.0,0.6],"abs_quat":[1.0,0.0,0.0,0.0]}},"table":{"size":[3.0,2.5,0.05,0.02],"shape":"box","contact":1,"pose":{"pos":[0.0,0.05,-0.05],"quat":[1.0,0.0,0.0,0.0],"parent":"table_base","abs_pos":[0.0,0.05,0.5499999999999999],"abs_quat":[1.0,0.0,0.0,0.0]}}}}