{
    "objects": [
        {
            "shape": [
                0.18,
                0.2,
                0.17
            ],
            "start_pos": [
                -0.011585538852683479,
                -0.10356235366308814,
                0.07326754758288803
            ],
            "start_quat": [
                -0.04668179444634586,
                0.9483570859469772,
                0.3116482496264722,
                -0.03626315080330228
            ],
            "goal_pos": [
                0.9916579438667823,
                0.8801561924639504,
                0.135
            ],
            "goal_quat": [
                0.8785769163423662,
                -0.0,
                -0.0,
                -0.47760088156361147
            ],
            "parent": "a3_pen_tip"
        },
        {
            "shape": [
                0.08,
                0.08,
                0.09
            ],
            "start_pos": [
                -0.8253526469112662,
                -0.17546084160741818,
                0.09062342075034104
            ],
            "start_quat": [
                0.4670131720104745,
                0.37935153315394005,
                -0.7643770747798275,
                0.23177316284139846
            ],
            "goal_pos": [
                -0.9710816241725038,
                -0.07812087674722001,
                0.095
            ],
            "goal_quat": [
                0.5246964224182197,
                0.0,
                0.0,
                0.8512894127742464
            ]
        }
    ]
}