{
    "robots": [
        {
            "base_pos": [
                -0.5,
                -0.4,
                0.0
            ],
            "base_quat": [
                1.0,
                0.0,
                0.0,
                0.0
            ],
            "type": "ur5_vacuum",
            "start_pose": [
                0.24850097471408922,
                -0.14385086503391456,
                -1.2840081520142987,
                0.16740721457033916,
                1.7597153084503794,
                1.8570282073751865
            ]
        },
        {
            "base_pos": [
                0.6,
                -0.4,
                0.0
            ],
            "base_quat": [
                0.0,
                0.0,
                0.0,
                1.0
            ],
            "type": "ur5_vacuum",
            "start_pose": [
                0.0,
                0.5000000000000004,
                -1.2,
                0.0,
                1.57,
                1.57
            ]
        },
        {
            "base_pos": [
                -0.5,
                0.4,
                0.0
            ],
            "base_quat": [
                1.0,
                0.0,
                0.0,
                0.0
            ],
            "type": "ur5_vacuum",
            "start_pose": [
                0.06396441851305269,
                -0.15102038488572864,
                -1.452907263330548,
                -0.09765116758918281,
                1.6687420466559144,
                -4.374100499477252
            ]
        },
        {
            "base_pos": [
                0.6,
                0.4,
                0.0
            ],
            "base_quat": [
                0.0,
                0.0,
                0.0,
                1.0
            ],
            "type": "ur5_vacuum",
            "start_pose": [
                0.04205407555802506,
                -0.12358420327346416,
                -1.3840127929585153,
                -0.07847477173681233,
                1.4624394417817728,
                1.7459832158729274
            ]
        }
    ]
}