{
    "robots": [
        {
            "base_pos": [
                -0.5,
                -0.4,
                0.0
            ],
            "base_quat": [
                1.0,
                0.0,
                0.0,
                0.0
            ],
            "type": "ur5_vacuum",
            "start_pose": [
                2.252842619477214,
                -0.22457427984815453,
                -1.8688456180982835,
                -0.17828026238391653,
                2.0847626245500885,
                1.1626623727092358
            ]
        },
        {
            "base_pos": [
                0.6,
                -0.4,
                0.0
            ],
            "base_quat": [
                0.0,
                0.0,
                0.0,
                1.0
            ],
            "type": "ur5_vacuum",
            "start_pose": [
                0.0,
                0.5000000000000004,
                -1.2,
                0.0,
                1.57,
                1.57
            ]
        },
        {
            "base_pos": [
                -0.5,
                0.4,
                0.0
            ],
            "base_quat": [
                1.0,
                0.0,
                0.0,
                0.0
            ],
            "type": "ur5_vacuum",
            "start_pose": [
                0.02662789970583082,
                -0.04247434845308767,
                -1.3708036438463955,
                -0.10396922903796349,
                1.6509822598473978,
                -4.497733380862799
            ]
        },
        {
            "base_pos": [
                0.6,
                0.4,
                0.0
            ],
            "base_quat": [
                0.0,
                0.0,
                0.0,
                1.0
            ],
            "type": "ur5_vacuum",
            "start_pose": [
                -1.9728540257119338,
                -0.20090391398569307,
                -1.79844182323209,
                0.3419606205201196,
                1.6391642563398374,
                2.8274690097326522
            ]
        }
    ]
}