{
    "robots": [
        {
            "base_pos": [
                -0.5,
                -0.4,
                0.0
            ],
            "base_quat": [
                1.0,
                0.0,
                0.0,
                0.0
            ],
            "type": "ur5_vacuum",
            "start_pose": [
                1.440917698802954,
                -0.3459026338323614,
                -1.7091887946300615,
                -0.04979243965473046,
                2.0833566357469593,
                1.557340587319839
            ]
        },
        {
            "base_pos": [
                0.6,
                -0.4,
                0.0
            ],
            "base_quat": [
                0.0,
                0.0,
                0.0,
                1.0
            ],
            "type": "ur5_vacuum",
            "start_pose": [
                0.0,
                0.5000000000000004,
                -1.2,
                0.0,
                1.57,
                1.57
            ]
        },
        {
            "base_pos": [
                -0.5,
                0.4,
                0.0
            ],
            "base_quat": [
                1.0,
                0.0,
                0.0,
                0.0
            ],
            "type": "ur5_vacuum",
            "start_pose": [
                0.03320220514872795,
                -0.12410271434319628,
                -1.3971217921985641,
                -0.12169794880823162,
                1.6628457749542853,
                -4.4662662141132445
            ]
        },
        {
            "base_pos": [
                0.6,
                0.4,
                0.0
            ],
            "base_quat": [
                0.0,
                0.0,
                0.0,
                1.0
            ],
            "type": "ur5_vacuum",
            "start_pose": [
                -0.936383376053173,
                -0.17797063316519102,
                -1.5904484825473761,
                0.12381064616744121,
                1.5454586301792874,
                2.276499647888967
            ]
        }
    ]
}