{
    "objects": [
        {
            "shape": [
                0.18,
                0.2,
                0.17
            ],
            "start_pos": [
                0.6079661774131186,
                1.178480400351171,
                0.11970629220496744
            ],
            "start_quat": [
                -0.9996942028259812,
                -0.00022133688478112953,
                -0.0003432902784560268,
                -0.024725169319838963
            ],
            "goal_pos": [
                0.9916579438667823,
                0.8801561924639504,
                0.135
            ],
            "goal_quat": [
                0.8785769163423662,
                -0.0,
                -0.0,
                -0.47760088156361147
            ]
        },
        {
            "shape": [
                0.08,
                0.08,
                0.09
            ],
            "start_pos": [
                0.025070925673300007,
                -0.03458475033271516,
                0.045708369174162516
            ],
            "start_quat": [
                0.057056325937339315,
                0.8468870256327173,
                0.49608964058547694,
                -0.18281687555932516
            ],
            "goal_pos": [
                -0.9710816241725038,
                -0.07812087674722001,
                0.095
            ],
            "goal_quat": [
                0.5246964224182197,
                0.0,
                0.0,
                0.8512894127742464
            ],
            "parent": "a0_pen_tip"
        }
    ]
}