{
    "robots": [
        {
            "base_pos": [
                -0.5,
                -0.4,
                0.0
            ],
            "base_quat": [
                1.0,
                0.0,
                0.0,
                0.0
            ],
            "type": "ur5_vacuum",
            "start_pose": [
                1.3935303344372514,
                -0.36330236549576966,
                -1.6890229828277405,
                -0.029896752149854322,
                2.07179899998407,
                1.5830120065796063
            ]
        },
        {
            "base_pos": [
                0.6,
                -0.4,
                0.0
            ],
            "base_quat": [
                0.0,
                0.0,
                0.0,
                1.0
            ],
            "type": "ur5_vacuum",
            "start_pose": [
                0.0,
                0.5000000000000004,
                -1.2,
                0.0,
                1.57,
                1.57
            ]
        },
        {
            "base_pos": [
                -0.5,
                0.4,
                0.0
            ],
            "base_quat": [
                1.0,
                0.0,
                0.0,
                0.0
            ],
            "type": "ur5_vacuum",
            "start_pose": [
                0.03352753444992415,
                -0.1279506421813696,
                -1.3983661220821926,
                -0.12254618924767262,
                1.6634030810799136,
                -4.464788586707966
            ]
        },
        {
            "base_pos": [
                0.6,
                0.4,
                0.0
            ],
            "base_quat": [
                0.0,
                0.0,
                0.0,
                1.0
            ],
            "type": "ur5_vacuum",
            "start_pose": [
                -0.8683922904592148,
                -0.17646623825057708,
                -1.5768044024872563,
                0.10950031201584334,
                1.5393116855442437,
                2.2403568009124797
            ]
        }
    ]
}