{
    "objects": [
        {
            "shape": [
                0.18,
                0.2,
                0.17
            ],
            "start_pos": [
                -0.01164160332010319,
                -0.10340023156364467,
                0.07331333062299186
            ],
            "start_quat": [
                -0.04668179444634572,
                0.9483570859469772,
                0.31164824962647186,
                -0.0362631508033022
            ],
            "goal_pos": [
                0.9916579438667823,
                0.8801561924639504,
                0.135
            ],
            "goal_quat": [
                0.8785769163423662,
                -0.0,
                -0.0,
                -0.47760088156361147
            ],
            "parent": "a3_pen_tip"
        },
        {
            "shape": [
                0.08,
                0.08,
                0.09
            ],
            "start_pos": [
                -0.8047057403391124,
                -0.22546880287192952,
                0.07447224676015748
            ],
            "start_quat": [
                0.5294422874175009,
                0.46867243829666444,
                -0.5297650583511669,
                0.46838658480508405
            ],
            "goal_pos": [
                -0.9710816241725038,
                -0.07812087674722001,
                0.095
            ],
            "goal_quat": [
                0.5246964224182197,
                0.0,
                0.0,
                0.8512894127742464
            ]
        }
    ]
}