{
    "objects": [
        {
            "shape": [
                0.18,
                0.2,
                0.17
            ],
            "start_pos": [
                0.07736835796016457,
                0.775710310766168,
                0.11946009736667157
            ],
            "start_quat": [
                -0.773481094137249,
                0.00027201318340484924,
                -0.00032006696406109493,
                -0.6338192333609103
            ],
            "goal_pos": [
                0.9916579438667823,
                0.8801561924639504,
                0.135
            ],
            "goal_quat": [
                0.8785769163423662,
                -0.0,
                -0.0,
                -0.47760088156361147
            ]
        },
        {
            "shape": [
                0.08,
                0.08,
                0.09
            ],
            "start_pos": [
                0.024787182142857744,
                -0.03461510742799587,
                0.04574225558482001
            ],
            "start_quat": [
                0.05705632593733928,
                0.8468870256327172,
                0.49608964058547694,
                -0.18281687555932513
            ],
            "goal_pos": [
                -0.9710816241725038,
                -0.07812087674722001,
                0.095
            ],
            "goal_quat": [
                0.5246964224182197,
                0.0,
                0.0,
                0.8512894127742464
            ],
            "parent": "a0_pen_tip"
        }
    ]
}