{
    "objects": [
        {
            "shape": [
                0.18,
                0.2,
                0.17
            ],
            "start_pos": [
                0.6010997646574826,
                1.1994831891784077,
                0.13489234769437153
            ],
            "start_quat": [
                -0.9998405664072426,
                -3.512051292836854e-08,
                7.494804519713314e-08,
                0.017856140860697523
            ],
            "goal_pos": [
                0.9916579438667823,
                0.8801561924639504,
                0.135
            ],
            "goal_quat": [
                0.8785769163423662,
                -0.0,
                -0.0,
                -0.47760088156361147
            ]
        },
        {
            "shape": [
                0.08,
                0.08,
                0.09
            ],
            "start_pos": [
                0.005899559166725618,
                -0.0475157953624573,
                0.024927482536613255
            ],
            "start_quat": [
                0.04352592864170056,
                0.876928659124326,
                0.4416708741784182,
                -0.18446804396632296
            ],
            "goal_pos": [
                -0.9710816241725038,
                -0.07812087674722001,
                0.095
            ],
            "goal_quat": [
                0.5246964224182197,
                0.0,
                0.0,
                0.8512894127742464
            ],
            "parent": "a0_pen_tip"
        }
    ]
}