{
    "objects": [
        {
            "shape": [
                0.18,
                0.2,
                0.17
            ],
            "start_pos": [
                0.7857029669906171,
                1.188620872603592,
                0.13489216706244664
            ],
            "start_quat": [
                -0.9820278285274032,
                -4.265716609016069e-07,
                9.268982555786557e-08,
                0.18873617564622502
            ],
            "goal_pos": [
                0.9916579438667823,
                0.8801561924639504,
                0.135
            ],
            "goal_quat": [
                0.8785769163423662,
                -0.0,
                -0.0,
                -0.47760088156361147
            ]
        },
        {
            "shape": [
                0.08,
                0.08,
                0.09
            ],
            "start_pos": [
                0.007261743048170185,
                -0.04972508027112889,
                0.026647150739456865
            ],
            "start_quat": [
                0.0570563259373396,
                0.8468870256327172,
                0.4960896405854769,
                -0.18281687555932535
            ],
            "goal_pos": [
                -0.9710816241725038,
                -0.07812087674722001,
                0.095
            ],
            "goal_quat": [
                0.5246964224182197,
                0.0,
                0.0,
                0.8512894127742464
            ],
            "parent": "a0_pen_tip"
        }
    ]
}