{
    "objects": [
        {
            "shape": [
                0.07,
                0.26,
                0.37
            ],
            "start_pos": [
                0.02378400591425074,
                0.11626333283725836,
                0.12533316924534943
            ],
            "start_quat": [
                0.2729677057145345,
                0.9057125558425225,
                -0.2747247118797064,
                0.172336097520981
            ],
            "goal_pos": [
                -0.22274618936800356,
                -0.43760753945779907,
                0.235
            ],
            "goal_quat": [
                0.30805480216679393,
                0.0,
                0.0,
                0.95136861355732
            ],
            "parent": "a1_pen_tip"
        },
        {
            "shape": [
                0.27,
                0.26,
                0.29
            ],
            "start_pos": [
                -0.45971023248762255,
                -0.1958134084677216,
                0.2197827567242961
            ],
            "start_quat": [
                -0.7059563070436536,
                -6.172193214918838e-06,
                -5.177602243134338e-06,
                0.7082553864817279
            ],
            "goal_pos": [
                -0.5653611330621171,
                -0.5166224561632834,
                0.195
            ],
            "goal_quat": [
                0.6941712321287078,
                -0.0,
                -0.0,
                -0.7198099057979903
            ]
        }
    ]
}