{
    "objects": [
        {
            "shape": [
                0.26,
                0.2,
                0.39
            ],
            "start_pos": [
                0.8805623959892488,
                -0.43287688035822536,
                0.20478470273476418
            ],
            "start_quat": [
                0.6934235782156172,
                0.13843316500963923,
                0.6934235782156561,
                -0.13843316500990338
            ],
            "goal_pos": [
                0.668642774989575,
                -0.6085915500960126,
                0.245
            ],
            "goal_quat": [
                0.9907728115057326,
                0.0,
                0.0,
                0.13553315454539577
            ]
        },
        {
            "shape": [
                0.36,
                0.13,
                0.22
            ],
            "start_pos": [
                -0.1874885357577898,
                -0.3366030723644418,
                0.17546607484817017
            ],
            "start_quat": [
                -0.8726495395650778,
                -0.0032473327729767502,
                -0.005899280144962493,
                -0.48830055746485723
            ],
            "goal_pos": [
                -0.19467103796522575,
                -0.32334832649240175,
                0.16
            ],
            "goal_quat": [
                0.8735526474186323,
                0.0,
                0.0,
                0.48672967054402877
            ]
        }
    ]
}