{
    "objects": [
        {
            "shape": [
                0.07,
                0.31,
                0.16
            ],
            "start_pos": [
                1.096735645719552,
                -0.1411506322402184,
                0.08489235136745046
            ],
            "start_quat": [
                0.5049058966809415,
                -0.4950454883107344,
                -0.5049058966809431,
                -0.4950454883107342
            ],
            "goal_pos": [
                -0.079317100278267,
                0.6200636906872214,
                0.13
            ],
            "goal_quat": [
                0.5732894887646278,
                0.0,
                0.0,
                0.8193528922704745
            ]
        },
        {
            "shape": [
                0.26,
                0.29,
                0.07
            ],
            "start_pos": [
                0.4180864080311679,
                1.2107275541849756,
                0.08489235136745046
            ],
            "start_quat": [
                0.8887913451011661,
                2.8864416756122285e-18,
                -1.9915472002622593e-18,
                -0.45831206058019014
            ],
            "goal_pos": [
                0.6183330097328453,
                0.9456254701471705,
                0.085
            ],
            "goal_quat": [
                0.8303917196601004,
                -0.0,
                -0.0,
                -0.5571800354642485
            ]
        },
        {
            "shape": [
                0.11,
                0.24,
                0.38
            ],
            "start_pos": [
                0.2145594549606255,
                -1.4383787037250633,
                0.104892351365837
            ],
            "start_quat": [
                0.6480625342197655,
                0.28286914244051714,
                -0.6480625342165067,
                0.2828691424325067
            ],
            "goal_pos": [
                1.1179854196454224,
                -1.3306988711390395,
                0.24
            ],
            "goal_quat": [
                0.26368264177491185,
                -0.0,
                -0.0,
                -0.9646094880450863
            ]
        }
    ]
}