{
    "robots": [
        {
            "base_pos": [
                0.6598434875933261,
                -0.9163550373007783,
                0.0
            ],
            "base_quat": [
                6.123233995736766e-17,
                0.0,
                0.0,
                1.0
            ],
            "type": "ur5_vacuum",
            "start_pose": [
                -1.5356519822175986e-05,
                0.4950958973500526,
                -1.188002725919975,
                1.7177000117158892e-06,
                1.554299882879199,
                1.5542999296720357
            ]
        },
        {
            "base_pos": [
                -0.6022929315226149,
                0.9240593326658415,
                0.0
            ],
            "base_quat": [
                1.0,
                0.0,
                0.0,
                0.0
            ],
            "type": "ur5_vacuum",
            "start_pose": [
                -9.148146839969983e-05,
                0.49975660638815267,
                -1.1878230265676475,
                8.03022142365347e-05,
                1.554305874197595,
                1.5551349549877294
            ]
        },
        {
            "base_pos": [
                -0.5556239851561715,
                -0.3118939242859937,
                0.0
            ],
            "base_quat": [
                1.0,
                0.0,
                0.0,
                0.0
            ],
            "type": "ur5_vacuum",
            "start_pose": [
                -1.438806135825782e-06,
                0.49502957689105404,
                -1.1880288505023744,
                -1.0612980352903183e-05,
                1.5543000570849426,
                1.5542999277393745
            ]
        },
        {
            "base_pos": [
                0.4980734290854602,
                0.3041896289209305,
                0.0
            ],
            "base_quat": [
                6.123233995736766e-17,
                0.0,
                0.0,
                1.0
            ],
            "type": "ur5_vacuum",
            "start_pose": [
                1.0585991510432287e-06,
                0.4950172214484003,
                -1.188033785961697,
                -1.299421170684739e-05,
                1.554300073380276,
                1.5542999276961507
            ]
        }
    ]
}