{
    "objects": [
        {
            "shape": [
                0.07,
                0.31,
                0.16
            ],
            "start_pos": [
                1.1609277717764082,
                0.5957068546926183,
                0.08489235136276457
            ],
            "start_quat": [
                -0.6938597988765497,
                0.1362298774881741,
                0.6938597988503938,
                0.1362298774933104
            ],
            "goal_pos": [
                -0.079317100278267,
                0.6200636906872214,
                0.13
            ],
            "goal_quat": [
                0.5732894887646278,
                0.0,
                0.0,
                0.8193528922704745
            ]
        },
        {
            "shape": [
                0.26,
                0.29,
                0.07
            ],
            "start_pos": [
                0.47031155934105484,
                1.2272188207582364,
                0.08489235136745046
            ],
            "start_quat": [
                0.8494913641243402,
                9.467807375954333e-18,
                -1.0052635306173794e-17,
                -0.5276025230020868
            ],
            "goal_pos": [
                0.6183330097328453,
                0.9456254701471705,
                0.085
            ],
            "goal_quat": [
                0.8303917196601004,
                -0.0,
                -0.0,
                -0.5571800354642485
            ]
        },
        {
            "shape": [
                0.11,
                0.24,
                0.38
            ],
            "start_pos": [
                -1.5032448138690364,
                -0.5801843406402204,
                0.10489235136745055
            ],
            "start_quat": [
                -0.12610653555750317,
                -0.6957708974150073,
                0.12610653555750348,
                -0.6957708974150076
            ],
            "goal_pos": [
                1.1179854196454224,
                -1.3306988711390395,
                0.24
            ],
            "goal_quat": [
                0.26368264177491185,
                -0.0,
                -0.0,
                -0.9646094880450863
            ]
        }
    ]
}