{
    "objects": [
        {
            "shape": [
                0.07,
                0.31,
                0.16
            ],
            "start_pos": [
                0.2738218109031779,
                -0.7231405119589032,
                0.08489219703100315
            ],
            "start_quat": [
                -0.062097645011049855,
                -0.7043749120454358,
                0.06209766186555882,
                -0.7043747199863838
            ],
            "goal_pos": [
                -0.079317100278267,
                0.6200636906872214,
                0.13
            ],
            "goal_quat": [
                0.5732894887646278,
                0.0,
                0.0,
                0.8193528922704745
            ]
        },
        {
            "shape": [
                0.26,
                0.29,
                0.07
            ],
            "start_pos": [
                0.10576897282819173,
                0.15479141924601114,
                -0.013360105103469369
            ],
            "start_quat": [
                -0.22517077998262855,
                -0.06822191950270072,
                0.9675489684470563,
                0.09215684021503244
            ],
            "goal_pos": [
                0.6183330097328453,
                0.9456254701471705,
                0.085
            ],
            "goal_quat": [
                0.8303917196601004,
                -0.0,
                -0.0,
                -0.5571800354642485
            ],
            "parent": "a3_pen_tip"
        },
        {
            "shape": [
                0.11,
                0.24,
                0.38
            ],
            "start_pos": [
                0.0615393016808391,
                0.058341364186141664,
                0.17329111419056303
            ],
            "start_quat": [
                0.14663228927889357,
                0.4312365066383373,
                0.8868071494929769,
                -0.0781481074072505
            ],
            "goal_pos": [
                1.1179854196454224,
                -1.3306988711390395,
                0.24
            ],
            "goal_quat": [
                0.26368264177491185,
                -0.0,
                -0.0,
                -0.9646094880450863
            ],
            "parent": "a0_pen_tip"
        }
    ]
}