{
    "robots": [
        {
            "base_pos": [
                0.6598434875933261,
                -0.9163550373007783,
                0.0
            ],
            "base_quat": [
                6.123233995736766e-17,
                0.0,
                0.0,
                1.0
            ],
            "type": "ur5_vacuum",
            "start_pose": [
                1.1255725275176511,
                -0.13825374272955704,
                -1.4201113190134365,
                0.18867897685065085,
                1.788317094705497,
                1.5027385899167196
            ]
        },
        {
            "base_pos": [
                -0.6022929315226149,
                0.9240593326658415,
                0.0
            ],
            "base_quat": [
                1.0,
                0.0,
                0.0,
                0.0
            ],
            "type": "ur5_vacuum",
            "start_pose": [
                0.02072110942680716,
                -0.39294534699333106,
                -1.3553804998714902,
                0.5822341178047061,
                1.3324407384378034,
                1.6948143858766045
            ]
        },
        {
            "base_pos": [
                -0.5556239851561715,
                -0.3118939242859937,
                0.0
            ],
            "base_quat": [
                1.0,
                0.0,
                0.0,
                0.0
            ],
            "type": "ur5_vacuum",
            "start_pose": [
                -0.4189919277105738,
                -0.3862807001718869,
                -1.5837273988721803,
                0.23607684624382616,
                1.6305100573978444,
                2.001272047618703
            ]
        },
        {
            "base_pos": [
                0.4980734290854602,
                0.3041896289209305,
                0.0
            ],
            "base_quat": [
                6.123233995736766e-17,
                0.0,
                0.0,
                1.0
            ],
            "type": "ur5_vacuum",
            "start_pose": [
                -0.46520436746111005,
                -0.5713516439619899,
                -1.4604272570125023,
                0.014352992359437764,
                1.502929237177854,
                1.696052855011119
            ]
        }
    ]
}