{
    "robots": [
        {
            "base_pos": [
                0.7867957694990796,
                0.6030985653567545,
                0.0
            ],
            "base_quat": [
                6.123233995736766e-17,
                0.0,
                0.0,
                1.0
            ],
            "type": "ur5_vacuum",
            "start_pose": [
                -0.9440070230362583,
                -0.3082709035363491,
                -1.4560048552469627,
                0.2694341024599101,
                1.664895893748895,
                1.2015466198441813
            ]
        },
        {
            "base_pos": [
                0.07111341734645524,
                -0.30538289758582376,
                0.0
            ],
            "base_quat": [
                6.123233995736766e-17,
                0.0,
                0.0,
                1.0
            ],
            "type": "ur5_vacuum",
            "start_pose": [
                -0.09737399664128087,
                -0.11850284074429254,
                -1.46542222324024,
                -0.15982561078775792,
                1.270048355199684,
                1.129692196862588
            ]
        },
        {
            "base_pos": [
                -0.8579091868455347,
                -0.2977156677709308,
                0.0
            ],
            "base_quat": [
                1.0,
                0.0,
                0.0,
                0.0
            ],
            "type": "ur5_vacuum",
            "start_pose": [
                1.7651723358188713,
                -0.12235675912028722,
                -1.608126628038941,
                0.11123760210687525,
                1.5954110353913928,
                1.1440009512764477
            ]
        }
    ]
}