{
    "objects": [
        {
            "shape": [
                0.19,
                0.05,
                0.27
            ],
            "start_pos": [
                0.029079118719784577,
                0.09151186630442722,
                0.12650957505705948
            ],
            "start_quat": [
                0.060501311437601395,
                0.791269736548406,
                0.6081484946034166,
                0.019677495992752644
            ],
            "goal_pos": [
                0.44310605207366727,
                -0.7078858468337632,
                0.185
            ],
            "goal_quat": [
                0.1950568285677062,
                0.0,
                0.0,
                0.9807919420698299
            ],
            "parent": "a0_pen_tip"
        },
        {
            "shape": [
                0.23,
                0.22,
                0.17
            ],
            "start_pos": [
                0.24967557348743943,
                0.35826744514201714,
                0.13499573631012396
            ],
            "start_quat": [
                0.7123046446767071,
                -5.782856279390456e-06,
                -1.1176679340324338e-06,
                0.70187042474897
            ],
            "goal_pos": [
                0.24967307272203298,
                0.3582662978495026,
                0.135
            ],
            "goal_quat": [
                0.7123071898802373,
                0.0,
                0.0,
                0.7018678417230124
            ]
        },
        {
            "shape": [
                0.19,
                0.22,
                0.09
            ],
            "start_pos": [
                -1.2394226341923995,
                0.37409935529040034,
                0.09489235136745046
            ],
            "start_quat": [
                -0.9998998743892931,
                -3.081175800417467e-18,
                1.3860388161377676e-17,
                -0.014150660630361425
            ],
            "goal_pos": [
                -1.4528680160722471,
                -0.43114846223063363,
                0.095
            ],
            "goal_quat": [
                0.7556173041674327,
                0.0,
                0.0,
                0.6550133507362591
            ]
        }
    ]
}