{
    "robots": [
        {
            "base_pos": [
                0.6598434875933261,
                -0.9163550373007783,
                0.0
            ],
            "base_quat": [
                6.123233995736766e-17,
                0.0,
                0.0,
                1.0
            ],
            "type": "ur5_vacuum",
            "start_pose": [
                0.9842755424241788,
                -0.15085934785903765,
                -1.4053132477477115,
                0.19428502533154973,
                1.7788299189555932,
                1.54131947723873
            ]
        },
        {
            "base_pos": [
                -0.6022929315226149,
                0.9240593326658415,
                0.0
            ],
            "base_quat": [
                1.0,
                0.0,
                0.0,
                0.0
            ],
            "type": "ur5_vacuum",
            "start_pose": [
                0.051737227519046414,
                -0.3965611540876104,
                -1.3519637318816624,
                0.5920407573283164,
                1.314090039692136,
                1.6596374765883404
            ]
        },
        {
            "base_pos": [
                -0.5556239851561715,
                -0.3118939242859937,
                0.0
            ],
            "base_quat": [
                1.0,
                0.0,
                0.0,
                0.0
            ],
            "type": "ur5_vacuum",
            "start_pose": [
                -0.5463117797703501,
                -0.38368067459788724,
                -1.589985340683959,
                0.23748416495984917,
                1.6474261462996174,
                2.089087559572411
            ]
        },
        {
            "base_pos": [
                0.4980734290854602,
                0.3041896289209305,
                0.0
            ],
            "base_quat": [
                6.123233995736766e-17,
                0.0,
                0.0,
                1.0
            ],
            "type": "ur5_vacuum",
            "start_pose": [
                -0.4103179853002136,
                -0.5921675329542935,
                -1.4262049162961283,
                -0.003343739198728429,
                1.515344439708355,
                1.7184380060569777
            ]
        }
    ]
}