{
    "robots": [
        {
            "base_pos": [
                -0.4,
                -0.3,
                0.0
            ],
            "base_quat": [
                1.0,
                0.0,
                0.0,
                1.0
            ],
            "type": "ur5_gripper",
            "start_pose": [
                0.0,
                0.5000000000000004,
                -1.2,
                0.0,
                1.57,
                1.57
            ]
        },
        {
            "base_pos": [
                0.4,
                -0.3,
                0.0
            ],
            "base_quat": [
                1.0,
                0.0,
                0.0,
                1.0
            ],
            "type": "ur5_gripper",
            "start_pose": [
                -2.5455233271950855,
                0.04857096523110016,
                -2.1562242738580597,
                0.9678141298907654,
                0.9266215313412545,
                1.5984611124036618
            ]
        }
    ]
}