{
    "objects": [
        {
            "shape": [
                0.03,
                0.3,
                0.05
            ],
            "start_pos": [
                -0.5119803212060088,
                -1.1665397517766776,
                0.06489235136745049
            ],
            "start_quat": [
                -0.6960143135983922,
                -0.12475606304367777,
                -0.6960143135983929,
                0.12475606304367765
            ],
            "goal_pos": [
                -0.2696112547664963,
                -0.812730562214194,
                0.07500000000000001
            ],
            "goal_quat": [
                0.996227003599696,
                -0.0,
                -0.0,
                -0.0867856975472998
            ]
        },
        {
            "shape": [
                0.03,
                0.3,
                0.05
            ],
            "start_pos": [
                -0.392629219717964,
                0.3067338759661106,
                0.45678320000001127
            ],
            "start_quat": [
                0.654102039926206,
                0.0,
                0.0,
                0.7564063202832034
            ],
            "goal_pos": [
                0.1501356741577309,
                -0.7769793108936338,
                0.07500000000000001
            ],
            "goal_quat": [
                0.9845177942137874,
                0.0,
                0.0,
                0.17528466241065874
            ]
        },
        {
            "shape": [
                0.03,
                0.3,
                0.05
            ],
            "start_pos": [
                0.016451232363263478,
                0.2922393910302964,
                0.05678320000001126
            ],
            "start_quat": [
                0.8467822231790113,
                0.0,
                0.0,
                -0.531939720746638
            ],
            "goal_pos": [
                -0.860180330797117,
                -0.8035685258445742,
                0.07500000000000001
            ],
            "goal_quat": [
                0.5600403907788977,
                0.0,
                0.0,
                0.8284653044613393
            ]
        }
    ]
}