{
    "objects": [
        {
            "shape": [
                0.03,
                0.3,
                0.05
            ],
            "start_pos": [
                1.131470382765349,
                -0.2094284747097984,
                0.07489235136745048
            ],
            "start_quat": [
                0.9081301753320383,
                5.88504080556784e-13,
                1.2764606289210836e-12,
                -0.41868793229731505
            ],
            "goal_pos": [
                0.8145544347665697,
                -0.8418706513249743,
                0.07500000000000001
            ],
            "goal_quat": [
                0.764953019424897,
                -0.0,
                -0.0,
                -0.6440860797073115
            ]
        },
        {
            "shape": [
                0.03,
                0.3,
                0.05
            ],
            "start_pos": [
                0.16044548422740243,
                -0.026712119828085808,
                0.07415598598240622
            ],
            "start_quat": [
                0.026148561669636847,
                0.7501705795528172,
                0.6525791688626841,
                0.10344458740063714
            ],
            "goal_pos": [
                -1.0483394609122185,
                -0.38049881408545727,
                0.07500000000000001
            ],
            "goal_quat": [
                0.08052927074641911,
                0.0,
                0.0,
                0.9967522443180401
            ],
            "parent": "a0_pen_tip"
        },
        {
            "shape": [
                0.03,
                0.3,
                0.05
            ],
            "start_pos": [
                -0.018837020517793977,
                0.2725861080589779,
                0.1509999999999999
            ],
            "start_quat": [
                0.10121616381239286,
                0.0,
                0.0,
                -0.9948644571915829
            ],
            "goal_pos": [
                -0.16381674567318538,
                -0.8974188961576626,
                0.07500000000000001
            ],
            "goal_quat": [
                0.5809252994074094,
                -0.0,
                -0.0,
                -0.8139568763198771
            ]
        },
        {
            "shape": [
                0.03,
                0.3,
                0.05
            ],
            "start_pos": [
                0.2514066724561003,
                -0.8436738812724214,
                0.11169293762762922
            ],
            "start_quat": [
                -0.8010339138413448,
                0.006963827983469778,
                -0.0036493495845830023,
                -0.5985673364154136
            ],
            "goal_pos": [
                0.23819395567365478,
                -0.86086326139612,
                0.07500000000000001
            ],
            "goal_quat": [
                0.7991252009049286,
                0.0,
                0.0,
                0.601164630761539
            ]
        }
    ]
}