{
    "robots": [
        {
            "base_pos": [
                -0.4,
                -0.3,
                0.0
            ],
            "base_quat": [
                1.0,
                0.0,
                0.0,
                1.0
            ],
            "type": "ur5_gripper",
            "start_pose": [
                1.531221682041975,
                -0.34701286849453683,
                -1.7538307486514408,
                0.6837550354183649,
                1.7126245295959057,
                0.31281349798532787
            ]
        },
        {
            "base_pos": [
                0.4,
                -0.3,
                0.0
            ],
            "base_quat": [
                1.0,
                0.0,
                0.0,
                1.0
            ],
            "type": "ur5_gripper",
            "start_pose": [
                -0.8012352461538921,
                -0.29086264859648203,
                -1.7654017825168875,
                0.36784258977571405,
                1.4475746167711403,
                1.2669952270422637
            ]
        }
    ]
}