{
    "objects": [
        {
            "shape": [
                0.18,
                0.2,
                0.17
            ],
            "start_pos": [
                -0.0116538608671094,
                -0.10330107958202801,
                0.07333960866552164
            ],
            "start_quat": [
                -0.046681794446345744,
                0.9483570859469772,
                0.3116482496264721,
                -0.03626315080330221
            ],
            "goal_pos": [
                0.9916579438667823,
                0.8801561924639504,
                0.135
            ],
            "goal_quat": [
                0.8785769163423662,
                -0.0,
                -0.0,
                -0.47760088156361147
            ],
            "parent": "a3_pen_tip"
        },
        {
            "shape": [
                0.08,
                0.08,
                0.09
            ],
            "start_pos": [
                -0.8291162487177495,
                -0.2460420018987893,
                0.09366436962112841
            ],
            "start_quat": [
                0.6038863909662537,
                0.20485005340707702,
                -0.16438731021705347,
                0.7525519880144312
            ],
            "goal_pos": [
                -0.9710816241725038,
                -0.07812087674722001,
                0.095
            ],
            "goal_quat": [
                0.5246964224182197,
                0.0,
                0.0,
                0.8512894127742464
            ]
        }
    ]
}