{
    "robots": [
        {
            "base_pos": [
                -0.5,
                -0.4,
                0.0
            ],
            "base_quat": [
                1.0,
                0.0,
                0.0,
                0.0
            ],
            "type": "ur5_vacuum",
            "start_pose": [
                0.031841765421253256,
                0.4174999301406371,
                -1.2107644126942476,
                0.02145078123080763,
                1.594309239944988,
                1.6067784694497633
            ]
        },
        {
            "base_pos": [
                0.6,
                -0.4,
                0.0
            ],
            "base_quat": [
                0.0,
                0.0,
                0.0,
                1.0
            ],
            "type": "ur5_vacuum",
            "start_pose": [
                0.0,
                0.5000000000000004,
                -1.2,
                0.0,
                1.57,
                1.57
            ]
        },
        {
            "base_pos": [
                -0.5,
                0.4,
                0.0
            ],
            "base_quat": [
                1.0,
                0.0,
                0.0,
                0.0
            ],
            "type": "ur5_vacuum",
            "start_pose": [
                0.11172503637524109,
                -0.12202377988495014,
                -1.5267098421015326,
                -0.03816095590792285,
                1.6680901861628685,
                -4.240558571597703
            ]
        },
        {
            "base_pos": [
                0.6,
                0.4,
                0.0
            ],
            "base_quat": [
                0.0,
                0.0,
                0.0,
                1.0
            ],
            "type": "ur5_vacuum",
            "start_pose": [
                0.03815808856719551,
                -0.06581009728594892,
                -1.3669644163609764,
                -0.0712040749968369,
                1.4724051152039017,
                1.7296789886003798
            ]
        }
    ]
}