{
    "objects": [
        {
            "shape": [
                0.18,
                0.2,
                0.17
            ],
            "start_pos": [
                -0.011653155577336465,
                -0.10323225587224868,
                0.07335753782158486
            ],
            "start_quat": [
                -0.0466817944463459,
                0.9483570859469772,
                0.31164824962647186,
                -0.036263150803301995
            ],
            "goal_pos": [
                0.9916579438667823,
                0.8801561924639504,
                0.135
            ],
            "goal_quat": [
                0.8785769163423662,
                -0.0,
                -0.0,
                -0.47760088156361147
            ],
            "parent": "a3_pen_tip"
        },
        {
            "shape": [
                0.08,
                0.08,
                0.09
            ],
            "start_pos": [
                -0.9920516350597491,
                -0.0636468541228805,
                0.07975549223348373
            ],
            "start_quat": [
                0.07220555890575013,
                1.8587638156206708e-05,
                0.0003370997274082129,
                0.9973897148463995
            ],
            "goal_pos": [
                -0.9710816241725038,
                -0.07812087674722001,
                0.095
            ],
            "goal_quat": [
                0.5246964224182197,
                0.0,
                0.0,
                0.8512894127742464
            ]
        }
    ]
}