{
    "robots": [
        {
            "base_pos": [
                -0.5,
                -0.4,
                0.0
            ],
            "base_quat": [
                1.0,
                0.0,
                0.0,
                0.0
            ],
            "type": "ur5_vacuum",
            "start_pose": [
                0.16824162002574194,
                0.06409623032241951,
                -1.2568756956826204,
                0.11333902573841734,
                1.6984421911666066,
                1.7643255638223019
            ]
        },
        {
            "base_pos": [
                0.6,
                -0.4,
                0.0
            ],
            "base_quat": [
                0.0,
                0.0,
                0.0,
                1.0
            ],
            "type": "ur5_vacuum",
            "start_pose": [
                0.0,
                0.5000000000000004,
                -1.2,
                0.0,
                1.57,
                1.57
            ]
        },
        {
            "base_pos": [
                -0.5,
                0.4,
                0.0
            ],
            "base_quat": [
                1.0,
                0.0,
                0.0,
                0.0
            ],
            "type": "ur5_vacuum",
            "start_pose": [
                0.07793730642677005,
                -0.1425371089584991,
                -1.4744990023240507,
                -0.08024666907922241,
                1.6685513349401557,
                -4.335031351490453
            ]
        },
        {
            "base_pos": [
                0.6,
                0.4,
                0.0
            ],
            "base_quat": [
                0.0,
                0.0,
                0.0,
                1.0
            ],
            "type": "ur5_vacuum",
            "start_pose": [
                0.04091426812886154,
                -0.10668175573256011,
                -1.3790251066057955,
                -0.07634764658634392,
                1.4653550173010024,
                1.741213243920672
            ]
        }
    ]
}