{
    "objects": [
        {
            "shape": [
                0.18,
                0.2,
                0.17
            ],
            "start_pos": [
                -0.01165351669671499,
                -0.10323822450084683,
                0.07335598662810291
            ],
            "start_quat": [
                -0.046681794446345744,
                0.9483570859469772,
                0.3116482496264721,
                -0.036263150803302106
            ],
            "goal_pos": [
                0.9916579438667823,
                0.8801561924639504,
                0.135
            ],
            "goal_quat": [
                0.8785769163423662,
                -0.0,
                -0.0,
                -0.47760088156361147
            ],
            "parent": "a3_pen_tip"
        },
        {
            "shape": [
                0.08,
                0.08,
                0.09
            ],
            "start_pos": [
                -0.9690942561037404,
                -0.06005747287218346,
                0.07962800653097882
            ],
            "start_quat": [
                0.17124535049390968,
                3.5342531995785134e-05,
                0.0013551686659914422,
                0.9852274824643347
            ],
            "goal_pos": [
                -0.9710816241725038,
                -0.07812087674722001,
                0.095
            ],
            "goal_quat": [
                0.5246964224182197,
                0.0,
                0.0,
                0.8512894127742464
            ]
        }
    ]
}