{
    "objects": [
        {
            "shape": [
                0.18,
                0.2,
                0.17
            ],
            "start_pos": [
                0.08067211075632806,
                -0.046800411116892794,
                0.11752478765919916
            ],
            "start_quat": [
                -0.013162196134794161,
                0.9023276653160408,
                0.4292190118274347,
                -0.037451046501965506
            ],
            "goal_pos": [
                0.9916579438667823,
                0.8801561924639504,
                0.135
            ],
            "goal_quat": [
                0.8785769163423662,
                -0.0,
                -0.0,
                -0.47760088156361147
            ],
            "parent": "a3_pen_tip"
        },
        {
            "shape": [
                0.08,
                0.08,
                0.09
            ],
            "start_pos": [
                -0.9406034716180445,
                -0.07789084950937562,
                0.07976280456287355
            ],
            "start_quat": [
                0.5578058230878995,
                -6.0717954097858975e-05,
                3.7051824312322504e-05,
                0.8299714806363663
            ],
            "goal_pos": [
                -0.9710816241725038,
                -0.07812087674722001,
                0.095
            ],
            "goal_quat": [
                0.5246964224182197,
                0.0,
                0.0,
                0.8512894127742464
            ]
        }
    ]
}