{
    "objects": [
        {
            "shape": [
                0.18,
                0.2,
                0.17
            ],
            "start_pos": [
                0.45608845280378446,
                1.1330317263291232,
                0.11975633798275778
            ],
            "start_quat": [
                -0.9887861278620265,
                8.288608162766465e-05,
                -0.0003463469405153211,
                -0.14933809467551848
            ],
            "goal_pos": [
                0.9916579438667823,
                0.8801561924639504,
                0.135
            ],
            "goal_quat": [
                0.8785769163423662,
                -0.0,
                -0.0,
                -0.47760088156361147
            ]
        },
        {
            "shape": [
                0.08,
                0.08,
                0.09
            ],
            "start_pos": [
                0.02500856196249531,
                -0.03460290778985648,
                0.04571913894505941
            ],
            "start_quat": [
                0.05705632593733942,
                0.8468870256327172,
                0.4960896405854768,
                -0.18281687555932516
            ],
            "goal_pos": [
                -0.9710816241725038,
                -0.07812087674722001,
                0.095
            ],
            "goal_quat": [
                0.5246964224182197,
                0.0,
                0.0,
                0.8512894127742464
            ],
            "parent": "a0_pen_tip"
        }
    ]
}