{
    "robots": [
        {
            "base_pos": [
                -0.5,
                -0.4,
                0.0
            ],
            "base_quat": [
                1.0,
                0.0,
                0.0,
                0.0
            ],
            "type": "ur5_vacuum",
            "start_pose": [
                0.0,
                0.5000000000000004,
                -1.2,
                0.0,
                1.57,
                1.57
            ]
        },
        {
            "base_pos": [
                0.6,
                -0.4,
                0.0
            ],
            "base_quat": [
                0.0,
                0.0,
                0.0,
                1.0
            ],
            "type": "ur5_vacuum",
            "start_pose": [
                0.0,
                0.5000000000000004,
                -1.2,
                0.0,
                1.57,
                1.57
            ]
        },
        {
            "base_pos": [
                -0.5,
                0.4,
                0.0
            ],
            "base_quat": [
                1.0,
                0.0,
                0.0,
                0.0
            ],
            "type": "ur5_vacuum",
            "start_pose": [
                0.4150909185880388,
                0.062156042180162144,
                -1.9954906151827918,
                0.33971091946056386,
                1.6639502811644746,
                -3.392328085915121
            ]
        },
        {
            "base_pos": [
                0.6,
                0.4,
                0.0
            ],
            "base_quat": [
                0.0,
                0.0,
                0.0,
                1.0
            ],
            "type": "ur5_vacuum",
            "start_pose": [
                0.01341034769212865,
                0.30115846733428614,
                -1.2586762267644163,
                -0.025022840712643327,
                1.5357031452352627,
                1.6261163749086096
            ]
        }
    ]
}