{
    "robots": [
        {
            "base_pos": [
                -0.5,
                -0.4,
                0.0
            ],
            "base_quat": [
                1.0,
                0.0,
                0.0,
                0.0
            ],
            "type": "ur5_vacuum",
            "start_pose": [
                0.9669315276972252,
                -0.5167933842938286,
                -1.5107423642413496,
                0.1457032777601146,
                1.9711784636994132,
                1.8133476148009375
            ]
        },
        {
            "base_pos": [
                0.6,
                -0.4,
                0.0
            ],
            "base_quat": [
                0.0,
                0.0,
                0.0,
                1.0
            ],
            "type": "ur5_vacuum",
            "start_pose": [
                0.0,
                0.5000000000000004,
                -1.2,
                0.0,
                1.57,
                1.57
            ]
        },
        {
            "base_pos": [
                -0.5,
                0.4,
                0.0
            ],
            "base_quat": [
                1.0,
                0.0,
                0.0,
                0.0
            ],
            "type": "ur5_vacuum",
            "start_pose": [
                0.035916960030099594,
                -0.1557361730767949,
                -1.4073609802448168,
                -0.1287039282580879,
                1.6674222852865463,
                -4.45413371348673
            ]
        },
        {
            "base_pos": [
                0.6,
                0.4,
                0.0
            ],
            "base_quat": [
                0.0,
                0.0,
                0.0,
                1.0
            ],
            "type": "ur5_vacuum",
            "start_pose": [
                -0.3012912018303851,
                -0.1639183482112743,
                -1.4630016681388645,
                -0.009859494267737105,
                1.4880412323410295,
                1.9388960084570666
            ]
        }
    ]
}