{
    "objects": [
        {
            "shape": [
                0.18,
                0.2,
                0.17
            ],
            "start_pos": [
                0.1428750390989409,
                0.8928680289589314,
                0.11971206678014655
            ],
            "start_quat": [
                -0.8718361705692214,
                0.00018319274938842346,
                -0.0003427008983213512,
                -0.48979744862923463
            ],
            "goal_pos": [
                0.9916579438667823,
                0.8801561924639504,
                0.135
            ],
            "goal_quat": [
                0.8785769163423662,
                -0.0,
                -0.0,
                -0.47760088156361147
            ]
        },
        {
            "shape": [
                0.08,
                0.08,
                0.09
            ],
            "start_pos": [
                0.024851547778963923,
                -0.03462143751174961,
                0.045736962579998874
            ],
            "start_quat": [
                0.05705632593733946,
                0.8468870256327173,
                0.4960896405854768,
                -0.18281687555932513
            ],
            "goal_pos": [
                -0.9710816241725038,
                -0.07812087674722001,
                0.095
            ],
            "goal_quat": [
                0.5246964224182197,
                0.0,
                0.0,
                0.8512894127742464
            ],
            "parent": "a0_pen_tip"
        }
    ]
}