{
    "objects": [
        {
            "shape": [
                0.18,
                0.2,
                0.17
            ],
            "start_pos": [
                0.03530521260932823,
                0.5934140276913391,
                0.1194470044320291
            ],
            "start_quat": [
                -0.5848528130614115,
                0.00017962840524051696,
                -3.620679020673513e-05,
                -0.8111394167939673
            ],
            "goal_pos": [
                0.9916579438667823,
                0.8801561924639504,
                0.135
            ],
            "goal_quat": [
                0.8785769163423662,
                -0.0,
                -0.0,
                -0.47760088156361147
            ]
        },
        {
            "shape": [
                0.08,
                0.08,
                0.09
            ],
            "start_pos": [
                0.024678979215945265,
                -0.03458998971764947,
                0.04574716223361722
            ],
            "start_quat": [
                0.057056325937339496,
                0.8468870256327171,
                0.496089640585477,
                -0.18281687555932538
            ],
            "goal_pos": [
                -0.9710816241725038,
                -0.07812087674722001,
                0.095
            ],
            "goal_quat": [
                0.5246964224182197,
                0.0,
                0.0,
                0.8512894127742464
            ],
            "parent": "a0_pen_tip"
        }
    ]
}