{
    "robots": [
        {
            "base_pos": [
                -0.5,
                -0.4,
                0.0
            ],
            "base_quat": [
                1.0,
                0.0,
                0.0,
                0.0
            ],
            "type": "ur5_vacuum",
            "start_pose": [
                0.5869323931820674,
                -0.6311387082201598,
                -1.3751093708987838,
                0.2771795167278608,
                1.9059028622471246,
                2.013061647946415
            ]
        },
        {
            "base_pos": [
                0.6,
                -0.4,
                0.0
            ],
            "base_quat": [
                0.0,
                0.0,
                0.0,
                1.0
            ],
            "type": "ur5_vacuum",
            "start_pose": [
                0.0,
                0.5000000000000004,
                -1.2,
                0.0,
                1.57,
                1.57
            ]
        },
        {
            "base_pos": [
                -0.5,
                0.4,
                0.0
            ],
            "base_quat": [
                1.0,
                0.0,
                0.0,
                0.0
            ],
            "type": "ur5_vacuum",
            "start_pose": [
                0.03691527116116952,
                -0.16711030800838814,
                -1.4110479154078372,
                -0.13124101423285905,
                1.6690650313691004,
                -4.449779583931161
            ]
        },
        {
            "base_pos": [
                0.6,
                0.4,
                0.0
            ],
            "base_quat": [
                0.0,
                0.0,
                0.0,
                1.0
            ],
            "type": "ur5_vacuum",
            "start_pose": [
                0.01957204921029533,
                -0.15681880144234453,
                -1.3986126040916815,
                -0.07739270346862248,
                1.4590326935826887,
                1.7683308584920863
            ]
        }
    ]
}