{
    "objects": [
        {
            "shape": [
                0.18,
                0.2,
                0.17
            ],
            "start_pos": [
                -0.01927326859735392,
                -0.12132880015931657,
                0.07732323100546676
            ],
            "start_quat": [
                -0.047342008190759,
                -0.26262409415165805,
                0.9637031596402078,
                0.007971168732836853
            ],
            "goal_pos": [
                0.9916579438667823,
                0.8801561924639504,
                0.135
            ],
            "goal_quat": [
                0.8785769163423662,
                -0.0,
                -0.0,
                -0.47760088156361147
            ],
            "parent": "a2_pen_tip"
        },
        {
            "shape": [
                0.08,
                0.08,
                0.09
            ],
            "start_pos": [
                0.17089443453381598,
                -0.12886945882762696,
                0.07968030923657639
            ],
            "start_quat": [
                0.8319909572570428,
                -0.00033373860780325866,
                2.5752712439382767e-05,
                -0.5547890905541032
            ],
            "goal_pos": [
                -0.9710816241725038,
                -0.07812087674722001,
                0.095
            ],
            "goal_quat": [
                0.5246964224182197,
                0.0,
                0.0,
                0.8512894127742464
            ]
        }
    ]
}