{
    "robots": [
        {
            "base_pos": [
                -0.5,
                -0.4,
                0.0
            ],
            "base_quat": [
                1.0,
                0.0,
                0.0,
                0.0
            ],
            "type": "ur5_vacuum",
            "start_pose": [
                0.4265181959371879,
                -0.6050826510931878,
                -1.3441886406747696,
                0.2873318358219637,
                1.8956206100786017,
                2.0626449221806387
            ]
        },
        {
            "base_pos": [
                0.6,
                -0.4,
                0.0
            ],
            "base_quat": [
                0.0,
                0.0,
                0.0,
                1.0
            ],
            "type": "ur5_vacuum",
            "start_pose": [
                0.0,
                0.5000000000000004,
                -1.2,
                0.0,
                1.57,
                1.57
            ]
        },
        {
            "base_pos": [
                -0.5,
                0.4,
                0.0
            ],
            "base_quat": [
                1.0,
                0.0,
                0.0,
                0.0
            ],
            "type": "ur5_vacuum",
            "start_pose": [
                0.0397446235002452,
                -0.1657248133918751,
                -1.4154814106311895,
                -0.12781909560448226,
                1.6690726218782748,
                -4.441820711319314
            ]
        },
        {
            "base_pos": [
                0.6,
                0.4,
                0.0
            ],
            "base_quat": [
                0.0,
                0.0,
                0.0,
                1.0
            ],
            "type": "ur5_vacuum",
            "start_pose": [
                0.044029738093222526,
                -0.15288193851984308,
                -1.3926581561885618,
                -0.08216181608999794,
                1.457385730145299,
                1.7542511930146316
            ]
        }
    ]
}