{
    "objects": [
        {
            "shape": [
                0.18,
                0.2,
                0.17
            ],
            "start_pos": [
                0.9643227663974437,
                0.9928278693268221,
                0.11954450716514047
            ],
            "start_quat": [
                -0.8012229186921161,
                0.00024284548932495577,
                0.0003241819152634861,
                0.5983658333282754
            ],
            "goal_pos": [
                0.9916579438667823,
                0.8801561924639504,
                0.135
            ],
            "goal_quat": [
                0.8785769163423662,
                -0.0,
                -0.0,
                -0.47760088156361147
            ]
        },
        {
            "shape": [
                0.08,
                0.08,
                0.09
            ],
            "start_pos": [
                0.0252400285306191,
                -0.0345038224948324,
                0.04566460700995073
            ],
            "start_quat": [
                0.057056325937339565,
                0.8468870256327172,
                0.4960896405854768,
                -0.18281687555932521
            ],
            "goal_pos": [
                -0.9710816241725038,
                -0.07812087674722001,
                0.095
            ],
            "goal_quat": [
                0.5246964224182197,
                0.0,
                0.0,
                0.8512894127742464
            ],
            "parent": "a0_pen_tip"
        }
    ]
}