{
    "robots": [
        {
            "base_pos": [
                -0.5,
                -0.4,
                0.0
            ],
            "base_quat": [
                1.0,
                0.0,
                0.0,
                0.0
            ],
            "type": "ur5_vacuum",
            "start_pose": [
                1.9154244537689546,
                -0.18932793675026893,
                -1.892554060718485,
                -0.22779369301513164,
                2.1794496006076116,
                1.3047956307645876
            ]
        },
        {
            "base_pos": [
                0.6,
                -0.4,
                0.0
            ],
            "base_quat": [
                0.0,
                0.0,
                0.0,
                1.0
            ],
            "type": "ur5_vacuum",
            "start_pose": [
                0.0,
                0.5000000000000004,
                -1.2,
                0.0,
                1.57,
                1.57
            ]
        },
        {
            "base_pos": [
                -0.5,
                0.4,
                0.0
            ],
            "base_quat": [
                1.0,
                0.0,
                0.0,
                0.0
            ],
            "type": "ur5_vacuum",
            "start_pose": [
                0.02951176930734094,
                -0.07926273629635718,
                -1.382645760038383,
                -0.11189507039689398,
                1.6563388462680328,
                -4.483522379319814
            ]
        },
        {
            "base_pos": [
                0.6,
                0.4,
                0.0
            ],
            "base_quat": [
                0.0,
                0.0,
                0.0,
                1.0
            ],
            "type": "ur5_vacuum",
            "start_pose": [
                -1.6013799226394085,
                -0.19268456770207615,
                -1.723896388338365,
                0.26377499255957587,
                1.6055798211413093,
                2.629999967269738
            ]
        }
    ]
}