{
    "robots": [
        {
            "base_pos": [
                -0.5,
                -0.4,
                0.0
            ],
            "base_quat": [
                1.0,
                0.0,
                0.0,
                0.0
            ],
            "type": "ur5_vacuum",
            "start_pose": [
                2.2035473078169474,
                -0.18946526408176467,
                -1.9037918199236898,
                -0.22143408791428065,
                2.1318950585754806,
                1.175782531460559
            ]
        },
        {
            "base_pos": [
                0.6,
                -0.4,
                0.0
            ],
            "base_quat": [
                0.0,
                0.0,
                0.0,
                1.0
            ],
            "type": "ur5_vacuum",
            "start_pose": [
                0.0,
                0.5000000000000004,
                -1.2,
                0.0,
                1.57,
                1.57
            ]
        },
        {
            "base_pos": [
                -0.5,
                0.4,
                0.0
            ],
            "base_quat": [
                1.0,
                0.0,
                0.0,
                0.0
            ],
            "type": "ur5_vacuum",
            "start_pose": [
                0.027048327145196227,
                -0.04794647490433519,
                -1.372563061362284,
                -0.10514123717218923,
                1.6517801021500156,
                -4.49561638295533
            ]
        },
        {
            "base_pos": [
                0.6,
                0.4,
                0.0
            ],
            "base_quat": [
                0.0,
                0.0,
                0.0,
                1.0
            ],
            "type": "ur5_vacuum",
            "start_pose": [
                -1.9292114584872355,
                -0.1999382661290727,
                -1.7896838654435767,
                0.33277499364617164,
                1.6352185908860761,
                2.8042693942393346
            ]
        }
    ]
}