{
    "robots": [
        {
            "base_pos": [
                -0.5,
                -0.4,
                0.0
            ],
            "base_quat": [
                1.0,
                0.0,
                0.0,
                0.0
            ],
            "type": "ur5_vacuum",
            "start_pose": [
                2.4007285544580146,
                -0.3299013271473229,
                -1.7640070126220617,
                -0.048818785792825045,
                1.9433653224739087,
                1.1233018964552677
            ]
        },
        {
            "base_pos": [
                0.6,
                -0.4,
                0.0
            ],
            "base_quat": [
                0.0,
                0.0,
                0.0,
                1.0
            ],
            "type": "ur5_vacuum",
            "start_pose": [
                0.0,
                0.5000000000000004,
                -1.2,
                0.0,
                1.57,
                1.57
            ]
        },
        {
            "base_pos": [
                -0.5,
                0.4,
                0.0
            ],
            "base_quat": [
                1.0,
                0.0,
                0.0,
                0.0
            ],
            "type": "ur5_vacuum",
            "start_pose": [
                0.02535679290143549,
                -0.0256810468129405,
                -1.3654087973466267,
                -0.10038800794368058,
                1.6485313758094762,
                -4.5042372950401015
            ]
        },
        {
            "base_pos": [
                0.6,
                0.4,
                0.0
            ],
            "base_quat": [
                0.0,
                0.0,
                0.0,
                1.0
            ],
            "type": "ur5_vacuum",
            "start_pose": [
                -2.075851762270935,
                -0.20318287051388634,
                -1.8191108612907274,
                0.36363897226210856,
                1.6484761476983283,
                2.8822207829672974
            ]
        }
    ]
}