{
    "objects": [
        {
            "shape": [
                0.18,
                0.2,
                0.17
            ],
            "start_pos": [
                1.02384901476456,
                0.8552658230262684,
                0.11975550467599066
            ],
            "start_quat": [
                -0.863464053206428,
                3.6337139302465716e-05,
                -4.808249566231131e-05,
                0.5044103737910366
            ],
            "goal_pos": [
                0.9916579438667823,
                0.8801561924639504,
                0.135
            ],
            "goal_quat": [
                0.8785769163423662,
                -0.0,
                -0.0,
                -0.47760088156361147
            ]
        },
        {
            "shape": [
                0.08,
                0.08,
                0.09
            ],
            "start_pos": [
                0.025282923114178443,
                -0.034570685539596836,
                0.04563578758819084
            ],
            "start_quat": [
                0.05705632593733933,
                0.8468870256327172,
                0.4960896405854767,
                -0.1828168755593252
            ],
            "goal_pos": [
                -0.9710816241725038,
                -0.07812087674722001,
                0.095
            ],
            "goal_quat": [
                0.5246964224182197,
                0.0,
                0.0,
                0.8512894127742464
            ],
            "parent": "a0_pen_tip"
        }
    ]
}