{
    "objects": [
        {
            "shape": [
                0.18,
                0.2,
                0.17
            ],
            "start_pos": [
                0.11728532713744709,
                -0.5144314817419017,
                -0.07319212526673935
            ],
            "start_quat": [
                -0.17628987933884807,
                -0.5756380667066883,
                0.7980762172849778,
                0.02523977030366581
            ],
            "goal_pos": [
                0.9916579438667823,
                0.8801561924639504,
                0.135
            ],
            "goal_quat": [
                0.8785769163423662,
                -0.0,
                -0.0,
                -0.47760088156361147
            ],
            "parent": "a0_pen_tip"
        },
        {
            "shape": [
                0.08,
                0.08,
                0.09
            ],
            "start_pos": [
                -0.41384609437767256,
                0.22543292808930132,
                0.0745101956281908
            ],
            "start_quat": [
                -0.700108630677695,
                -0.08208438179914702,
                -0.7046213390042511,
                0.08135618068167981
            ],
            "goal_pos": [
                -0.9710816241725038,
                -0.07812087674722001,
                0.095
            ],
            "goal_quat": [
                0.5246964224182197,
                0.0,
                0.0,
                0.8512894127742464
            ]
        }
    ]
}