{
    "robots": [
        {
            "base_pos": [
                -0.5,
                -0.4,
                0.0
            ],
            "base_quat": [
                1.0,
                0.0,
                0.0,
                0.0
            ],
            "type": "ur5_vacuum",
            "start_pose": [
                0.7294320686252522,
                -0.5882592117477863,
                -1.425971743402246,
                0.2278759271149564,
                1.9303812127917332,
                1.9381688855168608
            ]
        },
        {
            "base_pos": [
                0.6,
                -0.4,
                0.0
            ],
            "base_quat": [
                0.0,
                0.0,
                0.0,
                1.0
            ],
            "type": "ur5_vacuum",
            "start_pose": [
                0.0,
                0.5000000000000004,
                -1.2,
                0.0,
                1.57,
                1.57
            ]
        },
        {
            "base_pos": [
                -0.5,
                0.4,
                0.0
            ],
            "base_quat": [
                1.0,
                0.0,
                0.0,
                0.0
            ],
            "type": "ur5_vacuum",
            "start_pose": [
                0.03669547518468332,
                -0.16461199966240878,
                -1.4102379621303929,
                -0.13068332683010883,
                1.668704270218024,
                -4.450735768221141
            ]
        },
        {
            "base_pos": [
                0.6,
                0.4,
                0.0
            ],
            "base_quat": [
                0.0,
                0.0,
                0.0,
                1.0
            ],
            "type": "ur5_vacuum",
            "start_pose": [
                -0.06683547979972844,
                -0.15873068894908848,
                -1.4159523886792567,
                -0.05920621126187881,
                1.4668446041041698,
                1.8142635503945472
            ]
        }
    ]
}