{
    "robots": [
        {
            "base_pos": [
                -0.5,
                -0.4,
                0.0
            ],
            "base_quat": [
                1.0,
                0.0,
                0.0,
                0.0
            ],
            "type": "ur5_vacuum",
            "start_pose": [
                1.677854520631474,
                -0.2589039755153184,
                -1.8100178536416678,
                -0.1492708771791058,
                2.141144814561409,
                1.4289834910209969
            ]
        },
        {
            "base_pos": [
                0.6,
                -0.4,
                0.0
            ],
            "base_quat": [
                0.0,
                0.0,
                0.0,
                1.0
            ],
            "type": "ur5_vacuum",
            "start_pose": [
                0.0,
                0.5000000000000004,
                -1.2,
                0.0,
                1.57,
                1.57
            ]
        },
        {
            "base_pos": [
                -0.5,
                0.4,
                0.0
            ],
            "base_quat": [
                1.0,
                0.0,
                0.0,
                0.0
            ],
            "type": "ur5_vacuum",
            "start_pose": [
                0.0314430699500696,
                -0.10301172221343613,
                -1.3903072312985802,
                -0.11706814366904464,
                1.6597880910477203,
                -4.474374201761403
            ]
        },
        {
            "base_pos": [
                0.6,
                0.4,
                0.0
            ],
            "base_quat": [
                0.0,
                0.0,
                0.0,
                1.0
            ],
            "type": "ur5_vacuum",
            "start_pose": [
                -1.2768797572513433,
                -0.18550457280703736,
                -1.6587774460111637,
                0.19547619405315636,
                1.5762422929739954,
                2.457501452228215
            ]
        }
    ]
}