{
    "objects": [
        {
            "shape": [
                0.18,
                0.2,
                0.17
            ],
            "start_pos": [
                0.9916675973526909,
                0.8801556666183983,
                0.11975981386898377
            ],
            "start_quat": [
                -0.8785749437379128,
                3.3302260853173386e-08,
                -8.726494099626457e-09,
                0.47760451027594175
            ],
            "goal_pos": [
                0.9916579438667823,
                0.8801561924639504,
                0.135
            ],
            "goal_quat": [
                0.8785769163423662,
                -0.0,
                -0.0,
                -0.47760088156361147
            ]
        },
        {
            "shape": [
                0.08,
                0.08,
                0.09
            ],
            "start_pos": [
                0.0939165766579524,
                -0.1343705394636217,
                0.11212851739136706
            ],
            "start_quat": [
                0.042161463742759364,
                0.8936943971673071,
                0.42626415156788405,
                -0.13353504609256603
            ],
            "goal_pos": [
                -0.9710816241725038,
                -0.07812087674722001,
                0.095
            ],
            "goal_quat": [
                0.5246964224182197,
                0.0,
                0.0,
                0.8512894127742464
            ],
            "parent": "a0_pen_tip"
        }
    ]
}