{
    "robots": [
        {
            "base_pos": [
                -0.5,
                -0.4,
                0.0
            ],
            "base_quat": [
                1.0,
                0.0,
                0.0,
                0.0
            ],
            "type": "ur5_vacuum",
            "start_pose": [
                2.3974093616265324,
                -0.3728121236748201,
                -1.6025179715503914,
                0.08605186557491788,
                1.6775749587252053,
                1.0620591657239
            ]
        },
        {
            "base_pos": [
                0.6,
                -0.4,
                0.0
            ],
            "base_quat": [
                0.0,
                0.0,
                0.0,
                1.0
            ],
            "type": "ur5_vacuum",
            "start_pose": [
                0.0,
                0.5000000000000004,
                -1.2,
                0.0,
                1.57,
                1.57
            ]
        },
        {
            "base_pos": [
                -0.5,
                0.4,
                0.0
            ],
            "base_quat": [
                1.0,
                0.0,
                0.0,
                0.0
            ],
            "type": "ur5_vacuum",
            "start_pose": [
                0.021103436081942307,
                0.03367942132780083,
                -1.3463968230729402,
                -0.08792378950914712,
                1.6398379787381605,
                -4.527316095744875
            ]
        },
        {
            "base_pos": [
                0.6,
                0.4,
                0.0
            ],
            "base_quat": [
                0.0,
                0.0,
                0.0,
                1.0
            ],
            "type": "ur5_vacuum",
            "start_pose": [
                -1.9702478715181504,
                -0.15336866037634792,
                -1.783288105008447,
                0.3467051337791935,
                1.64681672002598,
                2.811005345512652
            ]
        }
    ]
}