{
    "robots": [
        {
            "base_pos": [
                -0.5,
                -0.4,
                0.0
            ],
            "base_quat": [
                1.0,
                0.0,
                0.0,
                0.0
            ],
            "type": "ur5_vacuum",
            "start_pose": [
                2.1555268321422822,
                -0.18944237619318116,
                -1.9019188600561563,
                -0.22249402209775582,
                2.139820815580837,
                1.197284714677897
            ]
        },
        {
            "base_pos": [
                0.6,
                -0.4,
                0.0
            ],
            "base_quat": [
                0.0,
                0.0,
                0.0,
                1.0
            ],
            "type": "ur5_vacuum",
            "start_pose": [
                0.0,
                0.5000000000000004,
                -1.2,
                0.0,
                1.57,
                1.57
            ]
        },
        {
            "base_pos": [
                -0.5,
                0.4,
                0.0
            ],
            "base_quat": [
                1.0,
                0.0,
                0.0,
                0.0
            ],
            "type": "ur5_vacuum",
            "start_pose": [
                0.027466553403377853,
                -0.05335132462187701,
                -1.3743015605629032,
                -0.10630124504317578,
                1.6525677629731819,
                -4.493526513663235
            ]
        },
        {
            "base_pos": [
                0.6,
                0.4,
                0.0
            ],
            "base_quat": [
                0.0,
                0.0,
                0.0,
                1.0
            ],
            "type": "ur5_vacuum",
            "start_pose": [
                -1.8817648526007504,
                -0.1988884488565388,
                -1.7801625337632612,
                0.3227887162850882,
                1.6309290087994541,
                2.779047619535564
            ]
        }
    ]
}