{
    "objects": [
        {
            "shape": [
                0.18,
                0.2,
                0.17
            ],
            "start_pos": [
                1.0535692516429955,
                0.877740708178647,
                0.11968614154594467
            ],
            "start_quat": [
                -0.7922849279982432,
                0.00034143155287763344,
                0.0001479062073374339,
                0.6101511734112028
            ],
            "goal_pos": [
                0.9916579438667823,
                0.8801561924639504,
                0.135
            ],
            "goal_quat": [
                0.8785769163423662,
                -0.0,
                -0.0,
                -0.47760088156361147
            ]
        },
        {
            "shape": [
                0.08,
                0.08,
                0.09
            ],
            "start_pos": [
                0.025283569883146912,
                -0.034492633968709656,
                0.045648279351652526
            ],
            "start_quat": [
                0.05705632593733955,
                0.8468870256327173,
                0.49608964058547667,
                -0.18281687555932508
            ],
            "goal_pos": [
                -0.9710816241725038,
                -0.07812087674722001,
                0.095
            ],
            "goal_quat": [
                0.5246964224182197,
                0.0,
                0.0,
                0.8512894127742464
            ],
            "parent": "a0_pen_tip"
        }
    ]
}