{
    "objects": [
        {
            "shape": [
                0.18,
                0.2,
                0.17
            ],
            "start_pos": [
                -0.011636638826653077,
                -0.103422565955421,
                0.0733072816228337
            ],
            "start_quat": [
                -0.046681794446345855,
                0.9483570859469772,
                0.31164824962647203,
                -0.036263150803302016
            ],
            "goal_pos": [
                0.9916579438667823,
                0.8801561924639504,
                0.135
            ],
            "goal_quat": [
                0.8785769163423662,
                -0.0,
                -0.0,
                -0.47760088156361147
            ],
            "parent": "a3_pen_tip"
        },
        {
            "shape": [
                0.08,
                0.08,
                0.09
            ],
            "start_pos": [
                -0.8009401180872686,
                -0.2108079405941251,
                0.07444678605915189
            ],
            "start_quat": [
                0.5435717994038358,
                0.45211617666607845,
                -0.5442879900107207,
                0.4515210356337923
            ],
            "goal_pos": [
                -0.9710816241725038,
                -0.07812087674722001,
                0.095
            ],
            "goal_quat": [
                0.5246964224182197,
                0.0,
                0.0,
                0.8512894127742464
            ]
        }
    ]
}