{
    "robots": [
        {
            "base_pos": [
                -0.5,
                -0.4,
                0.0
            ],
            "base_quat": [
                1.0,
                0.0,
                0.0,
                0.0
            ],
            "type": "ur5_vacuum",
            "start_pose": [
                0.32637962134306425,
                -0.34562969532551024,
                -1.310335795078363,
                0.21987160785877116,
                1.8191709057809502,
                1.9469810348796805
            ]
        },
        {
            "base_pos": [
                0.6,
                -0.4,
                0.0
            ],
            "base_quat": [
                0.0,
                0.0,
                0.0,
                1.0
            ],
            "type": "ur5_vacuum",
            "start_pose": [
                0.0,
                0.5000000000000004,
                -1.2,
                0.0,
                1.57,
                1.57
            ]
        },
        {
            "base_pos": [
                -0.5,
                0.4,
                0.0
            ],
            "base_quat": [
                1.0,
                0.0,
                0.0,
                0.0
            ],
            "type": "ur5_vacuum",
            "start_pose": [
                0.052415082604577,
                -0.15803226688575123,
                -1.4350605465863506,
                -0.11203690578489005,
                1.6688996820040483,
                -4.406393234408562
            ]
        },
        {
            "base_pos": [
                0.6,
                0.4,
                0.0
            ],
            "base_quat": [
                0.0,
                0.0,
                0.0,
                1.0
            ],
            "type": "ur5_vacuum",
            "start_pose": [
                0.042996183014978324,
                -0.13755497954043985,
                -1.388135380260835,
                -0.08023295655227132,
                1.460029556859757,
                1.7499258468891408
            ]
        }
    ]
}