{
    "objects": [
        {
            "shape": [
                0.18,
                0.2,
                0.17
            ],
            "start_pos": [
                0.11791066955905549,
                0.8561980630137638,
                0.11956682335128314
            ],
            "start_quat": [
                -0.8420279728369454,
                0.00029636324153292437,
                -0.00033249001295962953,
                -0.5394336795003863
            ],
            "goal_pos": [
                0.9916579438667823,
                0.8801561924639504,
                0.135
            ],
            "goal_quat": [
                0.8785769163423662,
                -0.0,
                -0.0,
                -0.47760088156361147
            ]
        },
        {
            "shape": [
                0.08,
                0.08,
                0.09
            ],
            "start_pos": [
                0.024830197684520453,
                -0.034620031010049214,
                0.045738912951477084
            ],
            "start_quat": [
                0.05705632593733926,
                0.8468870256327173,
                0.4960896405854768,
                -0.18281687555932505
            ],
            "goal_pos": [
                -0.9710816241725038,
                -0.07812087674722001,
                0.095
            ],
            "goal_quat": [
                0.5246964224182197,
                0.0,
                0.0,
                0.8512894127742464
            ],
            "parent": "a0_pen_tip"
        }
    ]
}