{
    "robots": [
        {
            "base_pos": [
                -0.5,
                -0.4,
                0.0
            ],
            "base_quat": [
                1.0,
                0.0,
                0.0,
                0.0
            ],
            "type": "ur5_vacuum",
            "start_pose": [
                0.11698267528320269,
                0.1969050293199548,
                -1.2395471142015482,
                0.07880750160223586,
                1.659309118829417,
                1.7051195067626277
            ]
        },
        {
            "base_pos": [
                0.6,
                -0.4,
                0.0
            ],
            "base_quat": [
                0.0,
                0.0,
                0.0,
                1.0
            ],
            "type": "ur5_vacuum",
            "start_pose": [
                0.0,
                0.5000000000000004,
                -1.2,
                0.0,
                1.57,
                1.57
            ]
        },
        {
            "base_pos": [
                -0.5,
                0.4,
                0.0
            ],
            "base_quat": [
                1.0,
                0.0,
                0.0,
                0.0
            ],
            "type": "ur5_vacuum",
            "start_pose": [
                0.0884143614228281,
                -0.1361762393676711,
                -1.490688776248383,
                -0.06719654203515661,
                1.6684083383694548,
                -4.305736793857498
            ]
        },
        {
            "base_pos": [
                0.6,
                0.4,
                0.0
            ],
            "base_quat": [
                0.0,
                0.0,
                0.0,
                1.0
            ],
            "type": "ur5_vacuum",
            "start_pose": [
                0.040059622250991536,
                -0.09400808111088246,
                -1.3752852729737124,
                -0.07475270229770095,
                1.4675411488999401,
                1.7376366523909628
            ]
        }
    ]
}