{
    "robots": [
        {
            "base_pos": [
                -0.5,
                -0.4,
                0.0
            ],
            "base_quat": [
                1.0,
                0.0,
                0.0,
                0.0
            ],
            "type": "ur5_vacuum",
            "start_pose": [
                0.09292421549175471,
                0.2592390305685654,
                -1.2314139203623582,
                0.0626000822022394,
                1.6409419553655167,
                1.6773310575837557
            ]
        },
        {
            "base_pos": [
                0.6,
                -0.4,
                0.0
            ],
            "base_quat": [
                0.0,
                0.0,
                0.0,
                1.0
            ],
            "type": "ur5_vacuum",
            "start_pose": [
                0.0,
                0.5000000000000004,
                -1.2,
                0.0,
                1.57,
                1.57
            ]
        },
        {
            "base_pos": [
                -0.5,
                0.4,
                0.0
            ],
            "base_quat": [
                1.0,
                0.0,
                0.0,
                0.0
            ],
            "type": "ur5_vacuum",
            "start_pose": [
                0.09396419262810887,
                -0.13280680541122986,
                -1.4992647097998182,
                -0.06028371958719699,
                1.6683325917698337,
                -4.290219089725563
            ]
        },
        {
            "base_pos": [
                0.6,
                0.4,
                0.0
            ],
            "base_quat": [
                0.0,
                0.0,
                0.0,
                1.0
            ],
            "type": "ur5_vacuum",
            "start_pose": [
                0.039606904202756456,
                -0.08729467304771313,
                -1.3733042345619815,
                -0.07390784043458754,
                1.4686991692585074,
                1.7357420844175675
            ]
        }
    ]
}