{
    "objects": [
        {
            "shape": [
                0.18,
                0.2,
                0.17
            ],
            "start_pos": [
                -0.01927651373516754,
                -0.12132754579865355,
                0.07732368920042698
            ],
            "start_quat": [
                -0.047342008190759094,
                -0.26262409415165827,
                0.9637031596402077,
                0.00797116873283693
            ],
            "goal_pos": [
                0.9916579438667823,
                0.8801561924639504,
                0.135
            ],
            "goal_quat": [
                0.8785769163423662,
                -0.0,
                -0.0,
                -0.47760088156361147
            ],
            "parent": "a2_pen_tip"
        },
        {
            "shape": [
                0.08,
                0.08,
                0.09
            ],
            "start_pos": [
                0.17089443453381598,
                -0.12886945882762696,
                0.07968030923657639
            ],
            "start_quat": [
                0.8319909572570428,
                -0.0003337386078032589,
                2.5752712439382686e-05,
                -0.5547890905541032
            ],
            "goal_pos": [
                -0.9710816241725038,
                -0.07812087674722001,
                0.095
            ],
            "goal_quat": [
                0.5246964224182197,
                0.0,
                0.0,
                0.8512894127742464
            ]
        }
    ]
}