{
    "objects": [
        {
            "shape": [
                0.18,
                0.2,
                0.17
            ],
            "start_pos": [
                -0.011654010598412593,
                -0.10322947486380539,
                0.07335829276161898
            ],
            "start_quat": [
                -0.04668179868470963,
                0.9483574952267494,
                0.31164699271201335,
                -0.036263243820218394
            ],
            "goal_pos": [
                0.9916579438667823,
                0.8801561924639504,
                0.135
            ],
            "goal_quat": [
                0.8785769163423662,
                -0.0,
                -0.0,
                -0.47760088156361147
            ],
            "parent": "a3_pen_tip"
        },
        {
            "shape": [
                0.08,
                0.08,
                0.09
            ],
            "start_pos": [
                -0.9406009985265783,
                -0.07789622563489527,
                0.0797828049202478
            ],
            "start_quat": [
                0.5578058244897248,
                -4.925321289532326e-06,
                3.005571840288152e-06,
                0.8299714827221752
            ],
            "goal_pos": [
                -0.9710816241725038,
                -0.07812087674722001,
                0.095
            ],
            "goal_quat": [
                0.5246964224182197,
                0.0,
                0.0,
                0.8512894127742464
            ]
        }
    ]
}