{
    "robots": [
        {
            "base_pos": [
                -0.5,
                -0.4,
                0.0
            ],
            "base_quat": [
                1.0,
                0.0,
                0.0,
                0.0
            ],
            "type": "ur5_vacuum",
            "start_pose": [
                2.059485880792952,
                -0.18939660041601591,
                -1.8981729403210874,
                -0.22461389046470615,
                2.155672329591546,
                1.2402890811125733
            ]
        },
        {
            "base_pos": [
                0.6,
                -0.4,
                0.0
            ],
            "base_quat": [
                0.0,
                0.0,
                0.0,
                1.0
            ],
            "type": "ur5_vacuum",
            "start_pose": [
                0.0,
                0.5000000000000004,
                -1.2,
                0.0,
                1.57,
                1.57
            ]
        },
        {
            "base_pos": [
                -0.5,
                0.4,
                0.0
            ],
            "base_quat": [
                1.0,
                0.0,
                0.0,
                0.0
            ],
            "type": "ur5_vacuum",
            "start_pose": [
                0.02829496598755905,
                -0.06394771163443018,
                -1.3777119791155301,
                -0.10858235091219817,
                1.6541109356127341,
                -4.489432397384224
            ]
        },
        {
            "base_pos": [
                0.6,
                0.4,
                0.0
            ],
            "base_quat": [
                0.0,
                0.0,
                0.0,
                1.0
            ],
            "type": "ur5_vacuum",
            "start_pose": [
                -1.7771629396795816,
                -0.19657399618610133,
                -1.759171581150944,
                0.30077273526055676,
                1.6214720990820986,
                2.7234430978777273
            ]
        }
    ]
}