{
    "objects": [
        {
            "shape": [
                0.18,
                0.2,
                0.17
            ],
            "start_pos": [
                -0.011648806099335468,
                -0.1033576112565405,
                0.0733247234492771
            ],
            "start_quat": [
                -0.04668179444634578,
                0.9483570859469772,
                0.3116482496264721,
                -0.036263150803302106
            ],
            "goal_pos": [
                0.9916579438667823,
                0.8801561924639504,
                0.135
            ],
            "goal_quat": [
                0.8785769163423662,
                -0.0,
                -0.0,
                -0.47760088156361147
            ],
            "parent": "a3_pen_tip"
        },
        {
            "shape": [
                0.08,
                0.08,
                0.09
            ],
            "start_pos": [
                -0.8118278666429999,
                -0.25604647313527584,
                0.07459782510219824
            ],
            "start_quat": [
                0.4968135251780631,
                0.503158586368329,
                -0.49625701857689286,
                0.5037228699167267
            ],
            "goal_pos": [
                -0.9710816241725038,
                -0.07812087674722001,
                0.095
            ],
            "goal_quat": [
                0.5246964224182197,
                0.0,
                0.0,
                0.8512894127742464
            ]
        }
    ]
}