{
    "robots": [
        {
            "base_pos": [
                -0.5,
                -0.4,
                0.0
            ],
            "base_quat": [
                1.0,
                0.0,
                0.0,
                0.0
            ],
            "type": "ur5_vacuum",
            "start_pose": [
                1.7252418849971782,
                -0.24150424385191016,
                -1.8301836654439887,
                -0.16916656468398017,
                2.1527024503242984,
                1.4033120717612295
            ]
        },
        {
            "base_pos": [
                0.6,
                -0.4,
                0.0
            ],
            "base_quat": [
                0.0,
                0.0,
                0.0,
                1.0
            ],
            "type": "ur5_vacuum",
            "start_pose": [
                0.0,
                0.5000000000000004,
                -1.2,
                0.0,
                1.57,
                1.57
            ]
        },
        {
            "base_pos": [
                -0.5,
                0.4,
                0.0
            ],
            "base_quat": [
                1.0,
                0.0,
                0.0,
                0.0
            ],
            "type": "ur5_vacuum",
            "start_pose": [
                0.031068580112505705,
                -0.09845722212884647,
                -1.3888369528516176,
                -0.116072731847911,
                1.6591271225697726,
                -4.476127082500219
            ]
        },
        {
            "base_pos": [
                0.6,
                0.4,
                0.0
            ],
            "base_quat": [
                0.0,
                0.0,
                0.0,
                1.0
            ],
            "type": "ur5_vacuum",
            "start_pose": [
                -1.3438365217382873,
                -0.18698608026043476,
                -1.672213967209387,
                0.20956883913178748,
                1.582295739857914,
                2.4930944759325726
            ]
        }
    ]
}