{
    "objects": [
        {
            "shape": [
                0.18,
                0.2,
                0.17
            ],
            "start_pos": [
                0.8292380578213558,
                1.1225229149029228,
                0.11953087351495295
            ],
            "start_quat": [
                -0.9532501029922393,
                -0.00010691560948916444,
                -0.0003324969647768375,
                0.30218226149148075
            ],
            "goal_pos": [
                0.9916579438667823,
                0.8801561924639504,
                0.135
            ],
            "goal_quat": [
                0.8785769163423662,
                -0.0,
                -0.0,
                -0.47760088156361147
            ]
        },
        {
            "shape": [
                0.08,
                0.08,
                0.09
            ],
            "start_pos": [
                0.02518260006665536,
                -0.03453519463408144,
                0.04568237707766906
            ],
            "start_quat": [
                0.057056325937339364,
                0.8468870256327171,
                0.49608964058547694,
                -0.18281687555932516
            ],
            "goal_pos": [
                -0.9710816241725038,
                -0.07812087674722001,
                0.095
            ],
            "goal_quat": [
                0.5246964224182197,
                0.0,
                0.0,
                0.8512894127742464
            ],
            "parent": "a0_pen_tip"
        }
    ]
}