{
    "robots": [
        {
            "base_pos": [
                -0.5,
                -0.4,
                0.0
            ],
            "base_quat": [
                1.0,
                0.0,
                0.0,
                0.0
            ],
            "type": "ur5_vacuum",
            "start_pose": [
                1.9634449294436198,
                -0.18935082463885067,
                -1.8944270205860194,
                -0.22673375883165647,
                2.171523843602257,
                1.2832934475472477
            ]
        },
        {
            "base_pos": [
                0.6,
                -0.4,
                0.0
            ],
            "base_quat": [
                0.0,
                0.0,
                0.0,
                1.0
            ],
            "type": "ur5_vacuum",
            "start_pose": [
                0.0,
                0.5000000000000004,
                -1.2,
                0.0,
                1.57,
                1.57
            ]
        },
        {
            "base_pos": [
                -0.5,
                0.4,
                0.0
            ],
            "base_quat": [
                1.0,
                0.0,
                0.0,
                0.0
            ],
            "type": "ur5_vacuum",
            "start_pose": [
                0.02911013993513205,
                -0.0742393304080166,
                -1.381026851616403,
                -0.11080644282224963,
                1.6556083954772107,
                -4.485459963189233
            ]
        },
        {
            "base_pos": [
                0.6,
                0.4,
                0.0
            ],
            "base_quat": [
                0.0,
                0.0,
                0.0,
                1.0
            ],
            "type": "ur5_vacuum",
            "start_pose": [
                -1.6620666210975905,
                -0.19402734029101218,
                -1.7360746689695616,
                0.2765479593795539,
                1.6110664122746483,
                2.662259938115577
            ]
        }
    ]
}