{
    "objects": [
        {
            "shape": [
                0.18,
                0.2,
                0.17
            ],
            "start_pos": [
                0.9919905165248957,
                0.9620506902971675,
                0.11969541189736312
            ],
            "start_quat": [
                -0.779748271943622,
                0.0003465351449714755,
                0.00028690230524516813,
                0.6260929883023731
            ],
            "goal_pos": [
                0.9916579438667823,
                0.8801561924639504,
                0.135
            ],
            "goal_quat": [
                0.8785769163423662,
                -0.0,
                -0.0,
                -0.47760088156361147
            ]
        },
        {
            "shape": [
                0.08,
                0.08,
                0.09
            ],
            "start_pos": [
                0.025248628750059898,
                -0.034502083146367706,
                0.045661428565438394
            ],
            "start_quat": [
                0.05705632593733951,
                0.8468870256327173,
                0.4960896405854769,
                -0.18281687555932508
            ],
            "goal_pos": [
                -0.9710816241725038,
                -0.07812087674722001,
                0.095
            ],
            "goal_quat": [
                0.5246964224182197,
                0.0,
                0.0,
                0.8512894127742464
            ],
            "parent": "a0_pen_tip"
        }
    ]
}