{
    "objects": [
        {
            "shape": [
                0.18,
                0.2,
                0.17
            ],
            "start_pos": [
                0.9916675939076168,
                0.8801556629505335,
                0.11978104694451519
            ],
            "start_quat": [
                -0.8785749437379128,
                4.865530968638479e-09,
                -1.2784013686390926e-09,
                0.47760451027594175
            ],
            "goal_pos": [
                0.9916579438667823,
                0.8801561924639504,
                0.135
            ],
            "goal_quat": [
                0.8785769163423662,
                -0.0,
                -0.0,
                -0.47760088156361147
            ]
        },
        {
            "shape": [
                0.08,
                0.08,
                0.09
            ],
            "start_pos": [
                0.032525901634597724,
                -0.08530920703672676,
                0.07551090461607798
            ],
            "start_quat": [
                0.019921463979537615,
                0.8448990874774076,
                0.517173591949241,
                -0.13520407923977637
            ],
            "goal_pos": [
                -0.9710816241725038,
                -0.07812087674722001,
                0.095
            ],
            "goal_quat": [
                0.5246964224182197,
                0.0,
                0.0,
                0.8512894127742464
            ],
            "parent": "a0_pen_tip"
        }
    ]
}