{
    "robots": [
        {
            "base_pos": [
                -0.5,
                -0.4,
                0.0
            ],
            "base_quat": [
                1.0,
                0.0,
                0.0,
                0.0
            ],
            "type": "ur5_vacuum",
            "start_pose": [
                0.30114453228876165,
                -0.2802471159875852,
                -1.3018048238560553,
                0.20287152110988182,
                1.7999054536061347,
                1.9178335387389962
            ]
        },
        {
            "base_pos": [
                0.6,
                -0.4,
                0.0
            ],
            "base_quat": [
                0.0,
                0.0,
                0.0,
                1.0
            ],
            "type": "ur5_vacuum",
            "start_pose": [
                0.0,
                0.5000000000000004,
                -1.2,
                0.0,
                1.57,
                1.57
            ]
        },
        {
            "base_pos": [
                -0.5,
                0.4,
                0.0
            ],
            "base_quat": [
                1.0,
                0.0,
                0.0,
                0.0
            ],
            "type": "ur5_vacuum",
            "start_pose": [
                0.055970471530766765,
                -0.15587370373937925,
                -1.440554543235289,
                -0.10760834930315738,
                1.6688511547714455,
                -4.396452122857999
            ]
        },
        {
            "base_pos": [
                0.6,
                0.4,
                0.0
            ],
            "base_quat": [
                0.0,
                0.0,
                0.0,
                1.0
            ],
            "type": "ur5_vacuum",
            "start_pose": [
                0.04270616170291407,
                -0.13325416539866086,
                -1.386866268331488,
                -0.07969171037256903,
                1.4607714251363206,
                1.7487121337339364
            ]
        }
    ]
}