{
    "objects": [
        {
            "shape": [
                0.18,
                0.2,
                0.17
            ],
            "start_pos": [
                0.036930075811751686,
                0.42790855531383554,
                0.11944884190663978
            ],
            "start_quat": [
                -0.37117818055304463,
                -6.178892566615042e-05,
                1.6894269607106227e-05,
                -0.9285616587917271
            ],
            "goal_pos": [
                0.9916579438667823,
                0.8801561924639504,
                0.135
            ],
            "goal_quat": [
                0.8785769163423662,
                -0.0,
                -0.0,
                -0.47760088156361147
            ]
        },
        {
            "shape": [
                0.08,
                0.08,
                0.09
            ],
            "start_pos": [
                0.172445654918438,
                -0.12634171451965698,
                0.11237666757933051
            ],
            "start_quat": [
                0.8314642179560173,
                -0.033918243895965504,
                -0.0011976361429182206,
                -0.5545406862056848
            ],
            "goal_pos": [
                -0.9710816241725038,
                -0.07812087674722001,
                0.095
            ],
            "goal_quat": [
                0.5246964224182197,
                0.0,
                0.0,
                0.8512894127742464
            ]
        }
    ]
}