{
    "robots": [
        {
            "base_pos": [
                -0.5,
                -0.4,
                0.0
            ],
            "base_quat": [
                1.0,
                0.0,
                0.0,
                0.0
            ],
            "type": "ur5_vacuum",
            "start_pose": [
                0.0,
                0.5000000000000004,
                -1.2,
                0.0,
                1.57,
                1.57
            ]
        },
        {
            "base_pos": [
                0.6,
                -0.4,
                0.0
            ],
            "base_quat": [
                0.0,
                0.0,
                0.0,
                1.0
            ],
            "type": "ur5_vacuum",
            "start_pose": [
                0.0,
                0.5000000000000004,
                -1.2,
                0.0,
                1.57,
                1.57
            ]
        },
        {
            "base_pos": [
                -0.5,
                0.4,
                0.0
            ],
            "base_quat": [
                1.0,
                0.0,
                0.0,
                0.0
            ],
            "type": "ur5_vacuum",
            "start_pose": [
                0.5285117166235934,
                0.13101587938122958,
                -2.170756461859769,
                0.48098839398391746,
                1.6624027068112592,
                -3.0751966893643394
            ]
        },
        {
            "base_pos": [
                0.6,
                0.4,
                0.0
            ],
            "base_quat": [
                0.0,
                0.0,
                0.0,
                1.0
            ],
            "type": "ur5_vacuum",
            "start_pose": [
                0.004157315421069891,
                0.43835830046222984,
                -1.2181898982721449,
                -0.007757157857850926,
                1.5593679045382545,
                1.587396378317475
            ]
        }
    ]
}