{
    "objects": [
        {
            "shape": [
                0.18,
                0.2,
                0.17
            ],
            "start_pos": [
                0.03864668741647106,
                0.596528345508038,
                0.11945207313525294
            ],
            "start_quat": [
                -0.5875676425630704,
                4.368600584640122e-05,
                -3.599061221274024e-05,
                -0.8091750504118892
            ],
            "goal_pos": [
                0.9916579438667823,
                0.8801561924639504,
                0.135
            ],
            "goal_quat": [
                0.8785769163423662,
                -0.0,
                -0.0,
                -0.47760088156361147
            ]
        },
        {
            "shape": [
                0.08,
                0.08,
                0.09
            ],
            "start_pos": [
                0.024700589843472953,
                -0.03459651325711864,
                0.04574659102251061
            ],
            "start_quat": [
                0.05705632593733947,
                0.8468870256327172,
                0.4960896405854768,
                -0.18281687555932538
            ],
            "goal_pos": [
                -0.9710816241725038,
                -0.07812087674722001,
                0.095
            ],
            "goal_quat": [
                0.5246964224182197,
                0.0,
                0.0,
                0.8512894127742464
            ],
            "parent": "a0_pen_tip"
        }
    ]
}