{"Objects":{"obj1":{"size":[0.18,0.2,0.17,0.01],"start":{"abs_pos":[0.6010997646574826,1.2494831891784077,0.6848923476943715],"abs_quat":[-0.9998405664072428,-3.512051292836855e-08,7.494804519713315e-08,0.017856140860697527],"pos":[0.6010997646574826,1.1994831891784077,0.13489234769437153],"quat":[-0.9998405664072428,-3.512051292836855e-08,7.494804519713315e-08,0.017856140860697527],"parent":"table"},"goal":{"pos":[0.9916579438667823,0.8801561924639504,0.135],"quat":[0.8785769163423662,-0.0,-0.0,-0.47760088156361147],"abs_pos":[0.9916579438667823,0.9301561924639504,0.6849999999999999],"abs_quat":[0.8785769163423662,-0.0,-0.0,-0.47760088156361147],"parent":"table"}},"obj2":{"size":[0.08,0.08,0.09,0.01],"start":{"abs_pos":[-0.4166349463249256,0.15709505419064904,0.7382837597626275],"abs_quat":[-0.9751245189776655,0.06144093695574214,-0.14623360228752208,-0.15483190019047316],"pos":[0.00589955916672556,-0.04751579536245728,0.024927482536613175],"quat":[-0.04352592864170053,-0.8769286591243259,-0.4416708741784182,0.18446804396632288],"parent":"a0_pen_tip"},"goal":{"pos":[-0.9710816241725038,-0.07812087674722001,0.09499999999999997],"quat":[0.5246964224182197,0.0,0.0,0.8512894127742464],"abs_pos":[-0.9710816241725038,-0.02812087674722001,0.6449999999999999],"abs_quat":[0.5246964224182197,0.0,0.0,0.8512894127742464],"parent":"table"}}},"Robots":{"a0_":{"base_pose":{"pos":[-0.5,-0.4,0.0],"quat":[-1.0,0.0,0.0,0.0]},"parent":"table","initial_pose":[1.393540334437251,-0.3633123654957702,-1.689032982827741,-0.029906752149856608,2.0718089999840705,1.5830220065796068],"home_pose":[0.0,0.5000000000000004,-1.2,0.0,1.57,1.57],"type":0,"end_effector_type":1},"a1_":{"base_pose":{"pos":[0.6,-0.4,0.0],"quat":[0.0,0.0,0.0,1.0]},"parent":"table","initial_pose":[0.0,0.5000099999999996,-1.2000100000000007,0.0,1.57001,1.57001],"home_pose":[0.0,0.5000000000000004,-1.2,0.0,1.57,1.57],"type":0,"end_effector_type":1},"a2_":{"base_pose":{"pos":[-0.5,0.4,0.0],"quat":[-1.0,0.0,0.0,0.0]},"parent":"table","initial_pose":[0.033537534449904705,-0.1279606421813666,-1.3983761220821922,-0.12255618924766853,1.6634130810799137,1.8183967204716203],"home_pose":[0.0,0.5000000000000004,-1.2,0.0,1.57,1.57],"type":0,"end_effector_type":1},"a3_":{"base_pose":{"pos":[0.6,0.4,0.0],"quat":[0.0,0.0,0.0,1.0]},"parent":"table","initial_pose":[-0.8684022904592146,-0.1764762382505758,-1.5768144024872566,0.10951031201584183,1.5393216855442438,2.2403668009124793],"home_pose":[0.0,0.5000000000000004,-1.2,0.0,1.57,1.57],"type":0,"end_effector_type":1}},"Obstacles":{"World":{"pose":{"pos":[0.0,0.0,0.0],"quat":[1.0,0.0,0.0,0.0],"abs_pos":[0.0,0.0,0.0],"abs_quat":[1.0,0.0,0.0,0.0]}},"table_base":{"size":[0.03],"shape":"marker","contact":0,"pose":{"pos":[0.0,0.0,0.6],"quat":[-1.0,0.0,0.0,0.0],"parent":"World","abs_pos":[0.0,0.0,0.6],"abs_quat":[1.0,0.0,0.0,0.0]}},"table":{"size":[3.0,2.5,0.05,0.02],"shape":"box","contact":1,"pose":{"pos":[0.0,0.05,-0.050000000000000044],"quat":[-1.0,0.0,0.0,0.0],"parent":"table_base","abs_pos":[0.0,0.05,0.5499999999999999],"abs_quat":[1.0,0.0,0.0,0.0]}}}}