{
    "objects": [
        {
            "shape": [
                0.18,
                0.2,
                0.17
            ],
            "start_pos": [
                0.1707918753217281,
                0.9313430913483587,
                0.11970765320701227
            ],
            "start_quat": [
                -0.9047897308383647,
                -3.7224978702350236e-05,
                0.00034153523994147686,
                -0.42585845645873904
            ],
            "goal_pos": [
                0.9916579438667823,
                0.8801561924639504,
                0.135
            ],
            "goal_quat": [
                0.8785769163423662,
                -0.0,
                -0.0,
                -0.47760088156361147
            ]
        },
        {
            "shape": [
                0.08,
                0.08,
                0.09
            ],
            "start_pos": [
                0.024872761502991628,
                -0.034622157245717655,
                0.04573483205601531
            ],
            "start_quat": [
                0.057056325937339496,
                0.8468870256327173,
                0.49608964058547667,
                -0.18281687555932533
            ],
            "goal_pos": [
                -0.9710816241725038,
                -0.07812087674722001,
                0.095
            ],
            "goal_quat": [
                0.5246964224182197,
                0.0,
                0.0,
                0.8512894127742464
            ],
            "parent": "a0_pen_tip"
        }
    ]
}