{
    "robots": [
        {
            "base_pos": [
                -0.5,
                -0.4,
                0.0
            ],
            "base_quat": [
                1.0,
                0.0,
                0.0,
                0.0
            ],
            "type": "ur5_vacuum",
            "start_pose": [
                0.049864451688155675,
                0.37080425033083164,
                -1.2168571541846613,
                0.03359209040615862,
                1.608068458603709,
                1.6275953681840487
            ]
        },
        {
            "base_pos": [
                0.6,
                -0.4,
                0.0
            ],
            "base_quat": [
                0.0,
                0.0,
                0.0,
                1.0
            ],
            "type": "ur5_vacuum",
            "start_pose": [
                0.0,
                0.5000000000000004,
                -1.2,
                0.0,
                1.57,
                1.57
            ]
        },
        {
            "base_pos": [
                -0.5,
                0.4,
                0.0
            ],
            "base_quat": [
                1.0,
                0.0,
                0.0,
                0.0
            ],
            "type": "ur5_vacuum",
            "start_pose": [
                0.10563004803131949,
                -0.1257241899433261,
                -1.5172914955754262,
                -0.04575282559019587,
                1.6681733720814098,
                -4.257600569698944
            ]
        },
        {
            "base_pos": [
                0.6,
                0.4,
                0.0
            ],
            "base_quat": [
                0.0,
                0.0,
                0.0,
                1.0
            ],
            "type": "ur5_vacuum",
            "start_pose": [
                0.03865527944482926,
                -0.07318295796720789,
                -1.3691400518491326,
                -0.07213192557691893,
                1.4711333471723187,
                1.7317596620533549
            ]
        }
    ]
}