{
    "objects": [
        {
            "shape": [
                0.18,
                0.2,
                0.17
            ],
            "start_pos": [
                0.9344208473444199,
                1.0268383157576393,
                0.11966148496900304
            ],
            "start_quat": [
                -0.8358612585533001,
                0.00023235677901714614,
                0.0003344169037644929,
                0.5489406075572782
            ],
            "goal_pos": [
                0.9916579438667823,
                0.8801561924639504,
                0.135
            ],
            "goal_quat": [
                0.8785769163423662,
                -0.0,
                -0.0,
                -0.47760088156361147
            ]
        },
        {
            "shape": [
                0.08,
                0.08,
                0.09
            ],
            "start_pos": [
                0.02523149680032796,
                -0.034505319944479154,
                0.04566774152496564
            ],
            "start_quat": [
                0.05705632593733946,
                0.8468870256327172,
                0.49608964058547667,
                -0.18281687555932533
            ],
            "goal_pos": [
                -0.9710816241725038,
                -0.07812087674722001,
                0.095
            ],
            "goal_quat": [
                0.5246964224182197,
                0.0,
                0.0,
                0.8512894127742464
            ],
            "parent": "a0_pen_tip"
        }
    ]
}