{
    "robots": [
        {
            "base_pos": [
                -0.5,
                -0.4,
                0.0
            ],
            "base_quat": [
                1.0,
                0.0,
                0.0,
                0.0
            ],
            "type": "ur5_vacuum",
            "start_pose": [
                1.2513682413401384,
                -0.4155015604859962,
                -1.628525547420777,
                0.029790310364770534,
                2.0371260926954005,
                1.66002626435891
            ]
        },
        {
            "base_pos": [
                0.6,
                -0.4,
                0.0
            ],
            "base_quat": [
                0.0,
                0.0,
                0.0,
                1.0
            ],
            "type": "ur5_vacuum",
            "start_pose": [
                0.0,
                0.5000000000000004,
                -1.2,
                0.0,
                1.57,
                1.57
            ]
        },
        {
            "base_pos": [
                -0.5,
                0.4,
                0.0
            ],
            "base_quat": [
                1.0,
                0.0,
                0.0,
                0.0
            ],
            "type": "ur5_vacuum",
            "start_pose": [
                0.034439815727827845,
                -0.13865704449486715,
                -1.4018300252547593,
                -0.12491207343644468,
                1.6649528292566707,
                -4.4606798953781475
            ]
        },
        {
            "base_pos": [
                0.6,
                0.4,
                0.0
            ],
            "base_quat": [
                0.0,
                0.0,
                0.0,
                1.0
            ],
            "type": "ur5_vacuum",
            "start_pose": [
                -0.667877581292987,
                -0.17202957701258914,
                -1.5365662075424595,
                0.06729725034548151,
                1.521183544372914,
                2.1337667651837817
            ]
        }
    ]
}