{
    "objects": [
        {
            "shape": [
                0.18,
                0.2,
                0.17
            ],
            "start_pos": [
                -0.01146458704129458,
                -0.10373211664772165,
                0.07321105137242165
            ],
            "start_quat": [
                -0.046681794446345945,
                0.9483570859469772,
                0.3116482496264719,
                -0.036263150803302016
            ],
            "goal_pos": [
                0.9916579438667823,
                0.8801561924639504,
                0.135
            ],
            "goal_quat": [
                0.8785769163423662,
                -0.0,
                -0.0,
                -0.47760088156361147
            ],
            "parent": "a3_pen_tip"
        },
        {
            "shape": [
                0.08,
                0.08,
                0.09
            ],
            "start_pos": [
                -0.7449129570195532,
                0.05639025861499837,
                0.09043122338182408
            ],
            "start_quat": [
                -0.1721252402410701,
                0.13324745568307728,
                -0.9757384430583602,
                -0.023505487954678814
            ],
            "goal_pos": [
                -0.9710816241725038,
                -0.07812087674722001,
                0.095
            ],
            "goal_quat": [
                0.5246964224182197,
                0.0,
                0.0,
                0.8512894127742464
            ]
        }
    ]
}