{
    "robots": [
        {
            "base_pos": [
                -0.5,
                -0.4,
                0.0
            ],
            "base_quat": [
                1.0,
                0.0,
                0.0,
                0.0
            ],
            "type": "ur5_vacuum",
            "start_pose": [
                2.3474120988182947,
                -0.3401385300625918,
                -1.6173389558682678,
                0.06660578035530099,
                1.6858020991119131,
                1.0808100775283096
            ]
        },
        {
            "base_pos": [
                0.6,
                -0.4,
                0.0
            ],
            "base_quat": [
                0.0,
                0.0,
                0.0,
                1.0
            ],
            "type": "ur5_vacuum",
            "start_pose": [
                0.0,
                0.5000000000000004,
                -1.2,
                0.0,
                1.57,
                1.57
            ]
        },
        {
            "base_pos": [
                -0.5,
                0.4,
                0.0
            ],
            "base_quat": [
                1.0,
                0.0,
                0.0,
                0.0
            ],
            "type": "ur5_vacuum",
            "start_pose": [
                0.020683354530253655,
                0.039850535776297005,
                -1.344425645139955,
                -0.08664594585285096,
                1.638931439906822,
                -4.529723568149113
            ]
        },
        {
            "base_pos": [
                0.6,
                0.4,
                0.0
            ],
            "base_quat": [
                0.0,
                0.0,
                0.0,
                1.0
            ],
            "type": "ur5_vacuum",
            "start_pose": [
                -1.9259678099886155,
                -0.13868460735156052,
                -1.770179088853134,
                0.3389131535068221,
                1.6450902949942587,
                2.783114537106485
            ]
        }
    ]
}