{
    "objects": [
        {
            "shape": [
                0.18,
                0.2,
                0.17
            ],
            "start_pos": [
                0.2938524235532074,
                1.0522679152946037,
                0.11972302983151756
            ],
            "start_quat": [
                -0.9749562177843872,
                -2.5275211093777533e-05,
                0.0003400255589016007,
                -0.22239662125883425
            ],
            "goal_pos": [
                0.9916579438667823,
                0.8801561924639504,
                0.135
            ],
            "goal_quat": [
                0.8785769163423662,
                -0.0,
                -0.0,
                -0.47760088156361147
            ]
        },
        {
            "shape": [
                0.08,
                0.08,
                0.09
            ],
            "start_pos": [
                0.0249423312851539,
                -0.0346156254778704,
                0.04572804853726131
            ],
            "start_quat": [
                0.057056325937339454,
                0.8468870256327171,
                0.4960896405854769,
                -0.18281687555932513
            ],
            "goal_pos": [
                -0.9710816241725038,
                -0.07812087674722001,
                0.095
            ],
            "goal_quat": [
                0.5246964224182197,
                0.0,
                0.0,
                0.8512894127742464
            ],
            "parent": "a0_pen_tip"
        }
    ]
}