{
    "robots": [
        {
            "base_pos": [
                -0.5,
                -0.4,
                0.0
            ],
            "base_quat": [
                1.0,
                0.0,
                0.0,
                0.0
            ],
            "type": "ur5_vacuum",
            "start_pose": [
                2.6472051127593486,
                -0.5054464059792704,
                -1.5892760034950255,
                0.16695034185899396,
                1.707703152346943,
                1.0577011026986542
            ]
        },
        {
            "base_pos": [
                0.6,
                -0.4,
                0.0
            ],
            "base_quat": [
                0.0,
                0.0,
                0.0,
                1.0
            ],
            "type": "ur5_vacuum",
            "start_pose": [
                0.0,
                0.5000000000000004,
                -1.2,
                0.0,
                1.57,
                1.57
            ]
        },
        {
            "base_pos": [
                -0.5,
                0.4,
                0.0
            ],
            "base_quat": [
                1.0,
                0.0,
                0.0,
                0.0
            ],
            "type": "ur5_vacuum",
            "start_pose": [
                0.023224143276169337,
                0.003418970302176202,
                -1.3560772234928085,
                -0.09423913703464114,
                1.64427561760158,
                -4.515533468577005
            ]
        },
        {
            "base_pos": [
                0.6,
                0.4,
                0.0
            ],
            "base_quat": [
                0.0,
                0.0,
                0.0,
                1.0
            ],
            "type": "ur5_vacuum",
            "start_pose": [
                -2.1236530359830272,
                -0.2042405341211989,
                -1.8287033678735607,
                0.3736999035691113,
                1.6527978037335485,
                2.9076310950614648
            ]
        }
    ]
}