{
    "objects": [
        {
            "shape": [
                0.18,
                0.2,
                0.17
            ],
            "start_pos": [
                0.040001057969662385,
                0.43940041853766576,
                0.11945174768428138
            ],
            "start_quat": [
                -0.3917725691764559,
                -0.00014644642719491226,
                0.00012871725987679481,
                -0.9200620718333034
            ],
            "goal_pos": [
                0.9916579438667823,
                0.8801561924639504,
                0.135
            ],
            "goal_quat": [
                0.8785769163423662,
                -0.0,
                -0.0,
                -0.47760088156361147
            ]
        },
        {
            "shape": [
                0.08,
                0.08,
                0.09
            ],
            "start_pos": [
                0.024639960379941973,
                -0.034560275466674326,
                0.04575419867477795
            ],
            "start_quat": [
                0.05705632593733937,
                0.8468870256327171,
                0.496089640585477,
                -0.1828168755593253
            ],
            "goal_pos": [
                -0.9710816241725038,
                -0.07812087674722001,
                0.095
            ],
            "goal_quat": [
                0.5246964224182197,
                0.0,
                0.0,
                0.8512894127742464
            ],
            "parent": "a0_pen_tip"
        }
    ]
}