{
    "robots": [
        {
            "base_pos": [
                -0.5,
                -0.4,
                0.0
            ],
            "base_quat": [
                1.0,
                0.0,
                0.0,
                0.0
            ],
            "type": "ur5_vacuum",
            "start_pose": [
                1.5830797919000652,
                -0.2937034388421349,
                -1.769686230037025,
                -0.10947950216935531,
                2.118029543035629,
                1.4803263295405333
            ]
        },
        {
            "base_pos": [
                0.6,
                -0.4,
                0.0
            ],
            "base_quat": [
                0.0,
                0.0,
                0.0,
                1.0
            ],
            "type": "ur5_vacuum",
            "start_pose": [
                0.0,
                0.5000000000000004,
                -1.2,
                0.0,
                1.57,
                1.57
            ]
        },
        {
            "base_pos": [
                -0.5,
                0.4,
                0.0
            ],
            "base_quat": [
                1.0,
                0.0,
                0.0,
                0.0
            ],
            "type": "ur5_vacuum",
            "start_pose": [
                0.032170976509943376,
                -0.1117983819723192,
                -1.3931450349666823,
                -0.11899292638237566,
                1.6610625669850174,
                -4.470994514181036
            ]
        },
        {
            "base_pos": [
                0.6,
                0.4,
                0.0
            ],
            "base_quat": [
                0.0,
                0.0,
                0.0,
                1.0
            ],
            "type": "ur5_vacuum",
            "start_pose": [
                -1.14128023114862,
                -0.18250425208380658,
                -1.6315660684242448,
                0.1669360499849161,
                1.5639829779824097,
                2.3854191605173107
            ]
        }
    ]
}