{
    "robots": [
        {
            "base_pos": [
                -0.5,
                -0.4,
                0.0
            ],
            "base_quat": [
                1.0,
                0.0,
                0.0,
                0.0
            ],
            "type": "ur5_vacuum",
            "start_pose": [
                0.9194316358828303,
                -0.5310865497846198,
                -1.4937882400735294,
                0.16213780763108332,
                1.9630190135178776,
                1.8383118689441211
            ]
        },
        {
            "base_pos": [
                0.6,
                -0.4,
                0.0
            ],
            "base_quat": [
                0.0,
                0.0,
                0.0,
                1.0
            ],
            "type": "ur5_vacuum",
            "start_pose": [
                0.0,
                0.5000000000000004,
                -1.2,
                0.0,
                1.57,
                1.57
            ]
        },
        {
            "base_pos": [
                -0.5,
                0.4,
                0.0
            ],
            "base_quat": [
                1.0,
                0.0,
                0.0,
                0.0
            ],
            "type": "ur5_vacuum",
            "start_pose": [
                0.036109469520909175,
                -0.15793882429314318,
                -1.4080747750262401,
                -0.12919458227325445,
                1.667740512917185,
                -4.4532902136798
            ]
        },
        {
            "base_pos": [
                0.6,
                0.4,
                0.0
            ],
            "base_quat": [
                0.0,
                0.0,
                0.0,
                1.0
            ],
            "type": "ur5_vacuum",
            "start_pose": [
                -0.24762436436495225,
                -0.16273089493381188,
                -1.4522321031952596,
                -0.021154942573405906,
                1.4831893294392824,
                1.9103676794741011
            ]
        }
    ]
}