{
    "robots": [
        {
            "base_pos": [
                -0.5,
                -0.4,
                0.0
            ],
            "base_quat": [
                1.0,
                0.0,
                0.0,
                0.0
            ],
            "type": "ur5_vacuum",
            "start_pose": [
                0.07040270273002185,
                0.31759089558953457,
                -1.2238003067456464,
                0.04742805586822723,
                1.6237481573258272,
                1.6513178411246092
            ]
        },
        {
            "base_pos": [
                0.6,
                -0.4,
                0.0
            ],
            "base_quat": [
                0.0,
                0.0,
                0.0,
                1.0
            ],
            "type": "ur5_vacuum",
            "start_pose": [
                0.0,
                0.5000000000000004,
                -1.2,
                0.0,
                1.57,
                1.57
            ]
        },
        {
            "base_pos": [
                -0.5,
                0.4,
                0.0
            ],
            "base_quat": [
                1.0,
                0.0,
                0.0,
                0.0
            ],
            "type": "ur5_vacuum",
            "start_pose": [
                0.09970634198774939,
                -0.12932061107359027,
                -1.5081378259704892,
                -0.053131346010059664,
                1.6682542207038595,
                -4.274163651718687
            ]
        },
        {
            "base_pos": [
                0.6,
                0.4,
                0.0
            ],
            "base_quat": [
                0.0,
                0.0,
                0.0,
                1.0
            ],
            "type": "ur5_vacuum",
            "start_pose": [
                0.03913849734033698,
                -0.08034862607514445,
                -1.371254547073773,
                -0.07303370209987839,
                1.469897317209896,
                1.7337818631028794
            ]
        }
    ]
}