{
    "robots": [
        {
            "base_pos": [
                -0.5,
                -0.4,
                0.0
            ],
            "base_quat": [
                1.0,
                0.0,
                0.0,
                0.0
            ],
            "type": "ur5_vacuum",
            "start_pose": [
                1.4883050631686583,
                -0.32850290216895317,
                -1.7293546064323824,
                -0.06968812715960482,
                2.0949142715098503,
                1.5316691680600698
            ]
        },
        {
            "base_pos": [
                0.6,
                -0.4,
                0.0
            ],
            "base_quat": [
                0.0,
                0.0,
                0.0,
                1.0
            ],
            "type": "ur5_vacuum",
            "start_pose": [
                0.0,
                0.5000000000000004,
                -1.2,
                0.0,
                1.57,
                1.57
            ]
        },
        {
            "base_pos": [
                -0.5,
                0.4,
                0.0
            ],
            "base_quat": [
                1.0,
                0.0,
                0.0,
                0.0
            ],
            "type": "ur5_vacuum",
            "start_pose": [
                0.03286728245511455,
                -0.12012455560287932,
                -1.3958356890421388,
                -0.12082215049670264,
                1.6622694292646094,
                -4.467794376878386
            ]
        },
        {
            "base_pos": [
                0.6,
                0.4,
                0.0
            ],
            "base_quat": [
                0.0,
                0.0,
                0.0,
                1.0
            ],
            "type": "ur5_vacuum",
            "start_pose": [
                -1.0046460648453772,
                -0.17948103739128982,
                -1.6041470669521505,
                0.13817814699446396,
                1.5516301320983379,
                2.3127868748219473
            ]
        }
    ]
}