{
    "objects": [
        {
            "shape": [
                0.18,
                0.2,
                0.17
            ],
            "start_pos": [
                -0.011546296417649902,
                -0.10363051180345335,
                0.07324639503726857
            ],
            "start_quat": [
                -0.04668179444634589,
                0.9483570859469772,
                0.3116482496264721,
                -0.03626315080330192
            ],
            "goal_pos": [
                0.9916579438667823,
                0.8801561924639504,
                0.135
            ],
            "goal_quat": [
                0.8785769163423662,
                -0.0,
                -0.0,
                -0.47760088156361147
            ],
            "parent": "a3_pen_tip"
        },
        {
            "shape": [
                0.08,
                0.08,
                0.09
            ],
            "start_pos": [
                -0.7992384175717586,
                -0.0683734259661191,
                0.09328453936948093
            ],
            "start_quat": [
                0.44482940584900577,
                0.2081250487918254,
                -0.8644972509615141,
                0.10702928028069743
            ],
            "goal_pos": [
                -0.9710816241725038,
                -0.07812087674722001,
                0.095
            ],
            "goal_quat": [
                0.5246964224182197,
                0.0,
                0.0,
                0.8512894127742464
            ]
        }
    ]
}