{
    "objects": [
        {
            "shape": [
                0.18,
                0.2,
                0.17
            ],
            "start_pos": [
                0.6553464354061892,
                1.180651321390068,
                0.1197118836741561
            ],
            "start_quat": [
                -0.9994065267661538,
                -0.0003415508030192198,
                9.49431929940692e-05,
                0.034445153302782444
            ],
            "goal_pos": [
                0.9916579438667823,
                0.8801561924639504,
                0.135
            ],
            "goal_quat": [
                0.8785769163423662,
                -0.0,
                -0.0,
                -0.47760088156361147
            ]
        },
        {
            "shape": [
                0.08,
                0.08,
                0.09
            ],
            "start_pos": [
                0.02509078221747589,
                -0.03457762172358529,
                0.045704413838403624
            ],
            "start_quat": [
                0.057056325937339614,
                0.8468870256327172,
                0.4960896405854768,
                -0.1828168755593252
            ],
            "goal_pos": [
                -0.9710816241725038,
                -0.07812087674722001,
                0.095
            ],
            "goal_quat": [
                0.5246964224182197,
                0.0,
                0.0,
                0.8512894127742464
            ],
            "parent": "a0_pen_tip"
        }
    ]
}