{
    "objects": [
        {
            "shape": [
                0.18,
                0.2,
                0.17
            ],
            "start_pos": [
                0.20633593707064204,
                0.9722170469060833,
                0.1196479850097299
            ],
            "start_quat": [
                -0.9405691003708958,
                0.00026490978234783725,
                0.0003402419818922198,
                -0.3396020928758911
            ],
            "goal_pos": [
                0.9916579438667823,
                0.8801561924639504,
                0.135
            ],
            "goal_quat": [
                0.8785769163423662,
                -0.0,
                -0.0,
                -0.47760088156361147
            ]
        },
        {
            "shape": [
                0.08,
                0.08,
                0.09
            ],
            "start_pos": [
                0.024896284335258187,
                -0.034620711736200835,
                0.04573282288026437
            ],
            "start_quat": [
                0.057056325937339426,
                0.8468870256327173,
                0.4960896405854768,
                -0.18281687555932524
            ],
            "goal_pos": [
                -0.9710816241725038,
                -0.07812087674722001,
                0.095
            ],
            "goal_quat": [
                0.5246964224182197,
                0.0,
                0.0,
                0.8512894127742464
            ],
            "parent": "a0_pen_tip"
        }
    ]
}