{
    "robots": [
        {
            "base_pos": [
                -0.5,
                -0.4,
                0.0
            ],
            "base_quat": [
                1.0,
                0.0,
                0.0,
                0.0
            ],
            "type": "ur5_vacuum",
            "start_pose": [
                1.0618187838773245,
                -0.48510048713962917,
                -1.5478623002114915,
                0.10937306038427153,
                1.9908955496438416,
                1.762711941397983
            ]
        },
        {
            "base_pos": [
                0.6,
                -0.4,
                0.0
            ],
            "base_quat": [
                0.0,
                0.0,
                0.0,
                1.0
            ],
            "type": "ur5_vacuum",
            "start_pose": [
                0.0,
                0.5000000000000004,
                -1.2,
                0.0,
                1.57,
                1.57
            ]
        },
        {
            "base_pos": [
                -0.5,
                0.4,
                0.0
            ],
            "base_quat": [
                1.0,
                0.0,
                0.0,
                0.0
            ],
            "type": "ur5_vacuum",
            "start_pose": [
                0.03548278507882516,
                -0.1507487875585033,
                -1.4057451723581176,
                -0.12759435176061673,
                1.6667015181328986,
                -4.456044257720436
            ]
        },
        {
            "base_pos": [
                0.6,
                0.4,
                0.0
            ],
            "base_quat": [
                0.0,
                0.0,
                0.0,
                1.0
            ],
            "type": "ur5_vacuum",
            "start_pose": [
                -0.4161572091796852,
                -0.16645991762633439,
                -1.486052345758728,
                0.014316761072102821,
                1.4984260235586715,
                1.9999567202305462
            ]
        }
    ]
}