{
    "objects": [
        {
            "shape": [
                0.18,
                0.2,
                0.17
            ],
            "start_pos": [
                0.40041912688208026,
                1.1141139488281468,
                0.11944449529281732
            ],
            "start_quat": [
                -0.9880628407383572,
                0.00020221219662282426,
                -0.0004847475387863066,
                -0.1540504686201807
            ],
            "goal_pos": [
                0.9916579438667823,
                0.8801561924639504,
                0.135
            ],
            "goal_quat": [
                0.8785769163423662,
                -0.0,
                -0.0,
                -0.47760088156361147
            ]
        },
        {
            "shape": [
                0.08,
                0.08,
                0.09
            ],
            "start_pos": [
                0.02498689142491253,
                -0.034607788975889335,
                0.04572232893327316
            ],
            "start_quat": [
                0.05705632593733946,
                0.8468870256327173,
                0.4960896405854766,
                -0.18281687555932527
            ],
            "goal_pos": [
                -0.9710816241725038,
                -0.07812087674722001,
                0.095
            ],
            "goal_quat": [
                0.5246964224182197,
                0.0,
                0.0,
                0.8512894127742464
            ],
            "parent": "a0_pen_tip"
        }
    ]
}